Date,PX_LAST,PX_BID
12/31/2025,6845.5,6825.93
12/30/2025,6896.24,6873.63
12/29/2025,6905.74,6882.22
12/26/2025,6929.94,6901.34
12/24/2025,6932.05,6902.71
12/23/2025,6909.79,6887.34
12/22/2025,6878.49,6845.55
12/19/2025,6834.5,6810.47
12/18/2025,6774.76,6735.88
12/17/2025,6721.43,6697.91
12/16/2025,6800.26,6761.78
12/15/2025,6816.51,6783.32
12/12/2025,6827.41,6786.63
12/11/2025,6901,6878.07
12/10/2025,6886.68,6853.77
12/09/2025,6840.51,6815.99
12/08/2025,6846.51,6831.5
12/05/2025,6870.4,6842.61
12/04/2025,6857.12,6824.48
12/03/2025,6849.72,6819.39
12/02/2025,6829.37,6798.5
12/01/2025,6812.63,6787.56
11/28/2025,6849.09,6807.42
11/26/2025,6812.61,6776.11
11/25/2025,6765.88,6720.71
11/24/2025,6705.12,6676.98
11/21/2025,6602.99,6568.28
11/20/2025,6538.76,6492.26
11/19/2025,6642.16,6643.71
11/18/2025,6617.32,6573.78
11/17/2025,6672.41,6645.33
11/14/2025,6734.11,6704.23
11/13/2025,6737.49,6699.82
11/12/2025,6850.92,6817.72
11/11/2025,6846.61,6817.11
11/10/2025,6832.43,6799.78
11/07/2025,6728.8,6697.94
11/06/2025,6720.32,6695.09
11/05/2025,6796.29,6759.66
11/04/2025,6771.55,6727.87
11/03/2025,6851.97,6815.47
10/31/2025,6840.2,6796.65
10/30/2025,6822.34,6828.83
10/29/2025,6890.59,6835.54
10/28/2025,6890.89,6861.48
10/27/2025,6875.16,6845.31
10/24/2025,6791.69,6752.29
10/23/2025,6738.44,6694.79
10/22/2025,6699.4,6644.79
10/21/2025,6735.35,6682.64
10/20/2025,6735.13,6692.09
10/17/2025,6664.01,6617.16
10/16/2025,6629.07,6571.37
10/15/2025,6671.06,6620.35
10/14/2025,6644.31,6590.17
10/13/2025,6654.72,6604.4
10/10/2025,6552.51,6453.56
10/09/2025,6735.11,6692.12
10/08/2025,6753.72,6710.96
10/07/2025,6714.59,6671.98
10/06/2025,6740.28,6696.36
10/03/2025,6715.79,6675.05
10/02/2025,6715.35,6667.71
10/01/2025,6711.2,6661.11
09/30/2025,6688.46,6625.48
09/29/2025,6661.21,6609.44
09/26/2025,6643.7,6589.35
09/25/2025,6604.72,6562.66
09/24/2025,6637.97,6597.19
09/23/2025,6656.92,6608.91
09/22/2025,6693.75,6653.16
09/19/2025,6664.36,6618.09
09/18/2025,6631.96,6604.13
09/17/2025,6600.35,6552.91
09/16/2025,6606.76,6565.29
09/15/2025,6615.28,6566.72
09/12/2025,6584.29,6536.85
09/11/2025,6587.47,6527.19
09/10/2025,6532.04,6478.68
09/09/2025,6512.61,6482.45
09/08/2025,6495.15,6437.43
09/05/2025,6481.5,6423.61
09/04/2025,6502.08,6445.51
09/03/2025,6448.26,6399.95
09/02/2025,6415.54,6386.19
08/29/2025,6460.26,6416.65
08/28/2025,6501.86,6454.66
08/27/2025,6481.4,6406.14
08/26/2025,6465.94,6419.14
08/25/2025,6439.32,6391.89
08/22/2025,6466.91,6415.5
08/21/2025,6370.17,6337.81
08/20/2025,6395.78,6338.87
08/19/2025,6411.37,6362.78
08/18/2025,6449.15,6393.51
08/15/2025,6449.8,6390.22
08/14/2025,6468.54,6409.32
08/13/2025,6466.58,6399.7
08/12/2025,6445.76,6394.97
08/11/2025,6373.45,6317.84
08/08/2025,6389.45,6338.53
08/07/2025,6340,6282.58
08/06/2025,6345.06,6301.07
08/05/2025,6299.19,6234.59
08/04/2025,6329.94,6277.66
08/01/2025,6238.01,6182.58
07/31/2025,6339.39,6288.67
07/30/2025,6362.9,6346.9
07/29/2025,6370.86,6316.11
07/28/2025,6389.77,6343.97
07/25/2025,6388.64,6350.11
07/24/2025,6363.35,6321.11
07/23/2025,6358.91,6321.07
07/22/2025,6309.62,6250.24
07/21/2025,6305.6,6261.69
07/18/2025,6296.79,6264.7
07/17/2025,6297.36,6249.51
07/16/2025,6263.7,6209
07/15/2025,6243.76,6193.91
07/14/2025,6268.56,6208.23
07/11/2025,6259.75,6203.23
07/10/2025,6280.46,6235.09
07/09/2025,6263.26,6203.64
07/08/2025,6225.52,6174.61
07/07/2025,6229.98,6166.97
07/03/2025,6279.35,6234.28
07/02/2025,6227.42,6168.13
07/01/2025,6198.01,6140.07
06/30/2025,6204.95,6147
06/27/2025,6173.07,6114.7
06/26/2025,6141.02,6081.01
06/25/2025,6092.16,6047.08
06/24/2025,6092.18,6033.53
06/23/2025,6025.17,5962.36
06/20/2025,5967.84,5916.36
06/18/2025,5980.87,5931.43
06/17/2025,5982.72,5929.61
06/16/2025,6033.11,5978.19
06/13/2025,5976.97,5920.52
06/12/2025,6045.26,5980.82
06/11/2025,6022.24,5967.16
06/10/2025,6038.81,5979.1
06/09/2025,6005.88,5944.5
06/06/2025,6000.36,5957.68
06/05/2025,5939.3,5861.8
06/04/2025,5970.81,5905.63
06/03/2025,5970.37,5900.85
06/02/2025,5935.94,5874.97
05/30/2025,5911.69,5832.57
05/29/2025,5912.17,5838.92
05/28/2025,5888.55,5851.46
05/27/2025,5921.54,5846.71
05/23/2025,5802.82,5727.63
05/22/2025,5842.01,5783.3
05/21/2025,5844.61,5779.3
05/20/2025,5940.46,5871.99
05/19/2025,5963.6,5880.92
05/16/2025,5958.38,5843.67
05/15/2025,5916.93,5831.61
05/14/2025,5892.58,5824.55
05/13/2025,5886.55,5814.5
05/12/2025,5844.19,5771.51
05/09/2025,5659.91,5585.08
05/08/2025,5663.94,5591.65
05/07/2025,5631.28,5547.31
05/06/2025,5606.91,5528.69
05/05/2025,5650.38,5590.59
05/02/2025,5686.67,5596.2
05/01/2025,5604.14,5510.43
04/30/2025,5569.06,5534.44
04/29/2025,5560.83,5462.5
04/28/2025,5528.75,5442.37
04/25/2025,5525.21,5464.45
04/24/2025,5484.77,5415.72
04/23/2025,5375.86,5310.75
04/22/2025,5287.76,5191.53
04/21/2025,5158.2,5081.14
04/17/2025,5282.7,5201.45
04/16/2025,5275.7,5175.74
04/15/2025,5396.63,5310.83
04/14/2025,5405.97,5291.66
04/11/2025,5363.36,5268.64
04/10/2025,5268.05,5139.96
04/09/2025,5456.9,5326.02
04/08/2025,4982.77,4876.27
04/07/2025,5062.25,4994.32
04/04/2025,5074.08,4966.03
04/03/2025,5396.52,5345.57
04/02/2025,5670.97,5477.31
04/01/2025,5633.07,5553.73
03/31/2025,5611.85,5521.77
03/28/2025,5580.94,5510.15
03/27/2025,5693.31,5628.93
03/26/2025,5712.2,5642.11
03/25/2025,5776.65,5716.85
03/24/2025,5767.57,5705.71
03/21/2025,5667.56,5604.43
03/20/2025,5662.89,5612.15
03/19/2025,5675.29,5604.26
03/18/2025,5614.66,5556.51
03/17/2025,5675.12,5602.22
03/14/2025,5638.94,5558.9
03/13/2025,5521.52,5481.96
03/12/2025,5599.3,5532.83
03/11/2025,5572.07,5498.43
03/10/2025,5614.56,5535.88
03/07/2025,5770.2,5673.38
03/06/2025,5738.52,5691.04
03/05/2025,5842.63,5754.74
03/04/2025,5778.15,5752.29
03/03/2025,5849.72,5807.48
02/28/2025,5954.5,5890.87
02/27/2025,5861.57,5823.65
02/26/2025,5956.06,5891.08
02/25/2025,5955.25,5899.86
02/24/2025,5983.25,5929.21
02/21/2025,6013.13,5953.48
02/20/2025,6117.52,6054.18
02/19/2025,6144.15,6082.02
02/18/2025,6129.58,6072.14
02/14/2025,6114.63,6063.89
02/13/2025,6115.07,6057.72
02/12/2025,6051.97,6004.21
02/11/2025,6068.5,6004.94
02/10/2025,6066.44,6005.1
02/07/2025,6025.99,5970.68
02/06/2025,6083.57,6015.25
02/05/2025,6061.48,6005.3
02/04/2025,6037.88,5952.64
02/03/2025,5994.57,5961.37
01/31/2025,6040.53,5980.58
01/30/2025,6071.17,5993.92
01/29/2025,6039.31,5994.86
01/28/2025,6067.7,6002.66
01/27/2025,6012.28,5953.98
01/24/2025,6101.24,6055.63
01/23/2025,6118.71,6052.69
01/22/2025,6086.37,6017.21
01/21/2025,6049.24,5999.42
01/17/2025,5996.66,5947.41
01/16/2025,5937.34,5859.87
01/15/2025,5949.91,5880.92
01/14/2025,5842.91,5796.92
01/13/2025,5836.22,5786.11
01/10/2025,5827.04,5771.89
01/08/2025,5918.25,5845.75
01/07/2025,5909.03,5857.42
01/06/2025,5975.38,5934.43
01/03/2025,5942.47,5881.4
01/02/2025,5868.55,5824.89
12/31/2024,5881.63,5838.4
12/30/2024,5906.94,5862.17
12/27/2024,5970.84,5932.61
12/26/2024,6037.59,5985
12/24/2024,6040.04,5993.16
12/23/2024,5974.07,5933.93
12/20/2024,5930.85,5886.93
12/19/2024,5867.08,5836.24
12/18/2024,5872.16,5828.44
12/17/2024,6050.61,6011.63
12/16/2024,6074.08,6034.95
12/13/2024,6051.09,6007.06
12/12/2024,6051.25,6016.37
12/11/2024,6084.19,6041.59
12/10/2024,6034.91,6005.23
12/09/2024,6052.85,6017.09
12/06/2024,6090.27,6046.44
12/05/2024,6075.11,6033.84
12/04/2024,6086.49,6035.11
12/03/2024,6049.88,6017.23
12/02/2024,6047.15,6018.66
11/29/2024,6032.38,5990.1
11/27/2024,5998.74,5961.33
11/26/2024,6021.63,5977.93
11/25/2024,5987.37,5947.77
11/22/2024,5969.34,5928.57
11/21/2024,5948.71,5894.19
11/20/2024,5917.11,5872.4
11/19/2024,5916.98,5882.69
11/18/2024,5893.62,5860.48
11/15/2024,5870.62,5833.5
11/14/2024,5949.17,5901.31
11/13/2024,5985.38,5951.8
11/12/2024,5983.99,5939.46
11/11/2024,6001.35,5957.63
11/08/2024,5995.54,5960.52
11/07/2024,5973.1,5932.42
11/06/2024,5929.04,5885.25
11/05/2024,5782.76,5735.43
11/04/2024,5712.69,5673.21
11/01/2024,5728.8,5697.97
10/31/2024,5705.45,5669.85
10/30/2024,5813.67,5773.66
10/29/2024,5832.92,5796.19
10/28/2024,5823.52,5787.12
10/25/2024,5808.12,5771.44
10/24/2024,5809.86,5777.55
10/23/2024,5797.42,5758.47
10/22/2024,5851.2,5804.31
10/21/2024,5853.98,5813.8
10/18/2024,5864.67,5821.44
10/17/2024,5841.47,5808.69
10/16/2024,5842.47,5794.35
10/15/2024,5815.26,5774.32
10/14/2024,5859.85,5823.87
10/11/2024,5815.03,5771.12
10/10/2024,5780.05,5732.69
10/09/2024,5792.04,5743.67
10/08/2024,5751.13,5708.98
10/07/2024,5695.94,5655.39
10/04/2024,5751.07,5714.54
10/03/2024,5699.94,5644.67
10/02/2024,5709.54,5672.75
10/01/2024,5708.75,5652.6
09/30/2024,5762.48,5700.44
09/27/2024,5738.17,5697.76
09/26/2024,5745.37,5701.15
09/25/2024,5722.26,5687.84
09/24/2024,5732.93,5686.43
09/23/2024,5718.57,5658.82
09/20/2024,5702.55,5646.29
09/19/2024,5713.64,5643.33
09/18/2024,5618.26,5576.04
09/17/2024,5634.58,5565.47
09/16/2024,5633.09,5560.89
09/13/2024,5626.02,5581.84
09/12/2024,5595.76,5534.07
09/11/2024,5554.13,5481.99
09/10/2024,5495.52,5415.14
09/09/2024,5471.05,5413.28
09/06/2024,5408.42,5317.27
09/05/2024,5503.41,5431.37
09/04/2024,5520.07,5442.98
09/03/2024,5528.93,5460.36
08/30/2024,5648.4,5571.95
08/29/2024,5591.96,5533.54
08/28/2024,5592.18,5502.62
08/27/2024,5625.8,5557
08/26/2024,5616.84,5558.03
08/23/2024,5634.61,5597.12
08/22/2024,5570.64,5524.29
08/21/2024,5620.85,5567.65
08/20/2024,5597.12,5547.79
08/19/2024,5608.25,5555.61
08/16/2024,5554.25,5502.77
08/15/2024,5543.22,5482.71
08/14/2024,5455.21,5402.99
08/13/2024,5434.43,5373.79
08/12/2024,5344.39,5289.74
08/09/2024,5344.16,5288.45
08/08/2024,5319.31,5269.15
08/07/2024,5199.5,5131.28
08/06/2024,5240.03,5160.07
08/05/2024,5186.33,5153.09
08/02/2024,5346.56,5272.91
08/01/2024,5446.68,5370.87
07/31/2024,5522.3,5484.77
07/30/2024,5436.44,5356.8
07/29/2024,5463.54,5411.31
07/26/2024,5459.1,5403.35
07/25/2024,5399.22,5344.06
07/24/2024,5427.13,5387.9
07/23/2024,5555.74,5494.5
07/22/2024,5564.41,5507.28
07/19/2024,5505,5470.33
07/18/2024,5544.59,5506.89
07/17/2024,5588.27,5553.01
07/16/2024,5667.2,5621.33
07/15/2024,5631.22,5598.2
07/12/2024,5615.35,5576.58
07/11/2024,5584.54,5525.91
07/10/2024,5633.91,5577.35
07/09/2024,5576.98,5540.95
07/08/2024,5572.85,5530.06
07/05/2024,5567.19,5514.42
07/03/2024,5537.02,5479.48
07/02/2024,5509.01,5463.86
07/01/2024,5475.09,5444.4
06/28/2024,5460.48,5426.23
06/27/2024,5482.87,5442.12
06/26/2024,5477.9,5426.22
06/25/2024,5469.3,5432.28
06/24/2024,5447.87,5402.46
06/21/2024,5464.62,5426.19
06/20/2024,5473.17,5431
06/18/2024,5487.03,5463.56
06/17/2024,5473.23,5426.69
06/14/2024,5431.6,5380.43
06/13/2024,5433.74,5388.12
06/12/2024,5421.03,5384.12
06/11/2024,5375.32,5342.51
06/10/2024,5360.79,5330.9
06/07/2024,5346.99,5282.55
06/06/2024,5352.96,5294.11
06/05/2024,5354.03,5313.38
06/04/2024,5291.34,5234.69
06/03/2024,5283.4,5250.63
05/31/2024,5277.51,5224.07
05/30/2024,5235.48,5173.71
05/29/2024,5266.95,5201.4
05/28/2024,5306.04,5255.13
05/24/2024,5304.72,5256.74
05/23/2024,5267.84,5219.39
05/22/2024,5307.01,5259.66
05/21/2024,5321.41,5260.11
05/20/2024,5308.13,5247.45
05/17/2024,5303.27,5247.73
05/16/2024,5297.1,5246.66
05/15/2024,5308.15,5242.54
05/14/2024,5246.68,5162.93
05/13/2024,5221.42,5162.92
05/10/2024,5222.68,5182.93
05/09/2024,5214.08,5155.08
05/08/2024,5187.67,5117.25
05/07/2024,5187.7,5120.19
05/06/2024,5180.74,5127.55
05/03/2024,5127.79,5069.78
05/02/2024,5064.2,5014.34
05/01/2024,5018.39,4973.36
04/30/2024,5035.69,4970
04/29/2024,5116.17,5063.7
04/26/2024,5099.96,5039.8
04/25/2024,5048.42,5037.66
04/24/2024,5071.63,4964.06
04/23/2024,5070.55,5015.44
04/22/2024,5010.6,4957.45
04/19/2024,4967.23,4904.79
04/18/2024,5011.12,4947.49
04/17/2024,5022.21,4979.73
04/16/2024,5051.41,4998.71
04/15/2024,5061.82,5008.57
04/12/2024,5123.41,5062.62
04/11/2024,5199.06,5145.72
04/10/2024,5160.64,5113.47
04/09/2024,5209.91,5159.55
04/08/2024,5202.39,5177.38
04/05/2024,5204.34,5165.96
04/04/2024,5147.21,5111.53
04/03/2024,5211.49,5180.68
04/02/2024,5205.81,5170.97
04/01/2024,5243.77,5205.08
03/28/2024,5254.35,5200.84
03/27/2024,5248.49,5184.12
03/26/2024,5203.58,5165.41
03/25/2024,5218.19,5174.08
03/22/2024,5234.18,5182.87
03/21/2024,5241.53,5192.31
03/20/2024,5224.62,5175.44
03/19/2024,5178.51,5115.16
03/18/2024,5149.42,5096.04
03/15/2024,5117.09,5062.59
03/14/2024,5150.48,5094.46
03/13/2024,5165.31,5132.53
03/12/2024,5175.27,5133.01
03/11/2024,5117.94,5069.68
03/08/2024,5123.69,5095.17
03/07/2024,5157.36,5099.12
03/06/2024,5104.76,5067.75
03/05/2024,5078.65,5027.93
03/04/2024,5130.95,5072.25
03/01/2024,5137.08,5099.59
02/29/2024,5096.27,5042.8
02/28/2024,5069.76,4999.87
02/27/2024,5078.18,5023.96
02/26/2024,5069.53,5011.78
02/23/2024,5088.8,5034.25
02/22/2024,5087.03,5036.29
02/21/2024,4981.8,4954.44
02/20/2024,4975.51,4927.54
02/16/2024,5005.57,4956.48
02/15/2024,5029.73,4978.05
02/14/2024,5000.62,4939.38
02/13/2024,4953.17,4900.42
02/12/2024,5021.84,4953.08
02/09/2024,5026.61,4992.75
02/08/2024,4997.91,4950.13
02/07/2024,4995.06,4937.34
02/06/2024,4954.23,4902.66
02/05/2024,4942.81,4888.54
02/02/2024,4958.61,4903.79
02/01/2024,4906.19,4884.79
01/31/2024,4845.65,4814.01
01/30/2024,4924.97,4856.15
01/29/2024,4927.93,4892.17
01/26/2024,4890.97,4833.75
01/25/2024,4894.16,4841.11
01/24/2024,4868.55,4828.31
01/23/2024,4864.6,4819.6
01/22/2024,4850.43,4794.07
01/19/2024,4839.81,4790.51
01/18/2024,4780.94,4731.2
01/17/2024,4739.21,4684.01
01/16/2024,4765.98,4717.14
01/12/2024,4783.83,4725.2
01/11/2024,4780.24,4729.01
01/10/2024,4783.45,4735.2
01/09/2024,4756.5,4710.07
01/08/2024,4763.54,4706.15
01/05/2024,4697.24,4645.23
01/04/2024,4688.68,4644.65
01/03/2024,4704.81,4678.03
01/02/2024,4742.83,4692.48
12/29/2023,4769.83,4736.18
12/28/2023,4783.35,4760.18
12/27/2023,4781.58,4730.21
12/26/2023,4774.75,4720.68
12/22/2023,4754.63,4702.77
12/21/2023,4746.75,4695.42
12/20/2023,4698.35,4650.59
12/19/2023,4768.37,4705.44
12/18/2023,4740.56,4672.02
12/15/2023,4719.19,4676.96
12/14/2023,4719.55,4663.47
12/13/2023,4707.09,4647.24
12/12/2023,4643.7,4602.06
12/11/2023,4622.44,4573.8
12/08/2023,4604.37,4579.8
12/07/2023,4585.59,4536.43
12/06/2023,4549.34,4503.75
12/05/2023,4567.18,4524.15
12/04/2023,4569.78,4510.2
12/01/2023,4594.63,4544.06
11/30/2023,4567.8,4495.23
11/29/2023,4550.58,4504.39
11/28/2023,4554.89,4518.82
11/27/2023,4550.43,4493.51
11/24/2023,4559.34,4534.69
11/22/2023,4556.62,4526.24
11/21/2023,4538.19,4480.15
11/20/2023,4547.38,4511.71
11/17/2023,4514.02,4470.3
11/16/2023,4508.24,4486.72
11/15/2023,4502.88,4474.23
11/14/2023,4495.7,4456.73
11/13/2023,4411.55,4395.64
11/10/2023,4415.24,4387.12
11/09/2023,4347.35,4325.47
11/08/2023,4382.78,4358.42
11/07/2023,4378.38,4354.89
11/06/2023,4365.98,4338.08
11/03/2023,4358.34,4335.17
11/02/2023,4317.78,4284.02
11/01/2023,4237.86,4210.96
10/31/2023,4193.8,4155.58
10/30/2023,4166.82,4139.66
10/27/2023,4117.37,4098.86
10/26/2023,4137.23,4110.92
10/25/2023,4186.77,4158.93
10/24/2023,4247.68,4222.13
10/23/2023,4217.04,4206.27
10/20/2023,4224.16,4203.49
10/19/2023,4278,4248.46
10/18/2023,4314.6,4303.57
10/17/2023,4373.2,4355.1
10/16/2023,4373.63,4359
10/13/2023,4327.78,4301.13
10/12/2023,4349.61,4326.87
10/11/2023,4376.95,4363.25
10/10/2023,4358.24,4337.09
10/09/2023,4335.66,4317.35
10/06/2023,4308.5,4291.36
10/05/2023,4258.19,4240.28
10/04/2023,4263.75,4232.34
10/03/2023,4229.45,4208.01
10/02/2023,4288.39,4274.65
09/29/2023,4288.05,4277.55
09/28/2023,4299.7,4290.9
09/27/2023,4274.51,4262.22
09/26/2023,4273.53,4259.66
09/25/2023,4337.44,4328.03
09/22/2023,4320.06,4311.13
09/21/2023,4330,4309.87
09/20/2023,4402.2,4384.99
09/19/2023,4443.95,4428.47
09/18/2023,4453.53,4440.01
09/15/2023,4450.32,4429.3
09/14/2023,4505.1,4485.66
09/13/2023,4467.44,4455.23
09/12/2023,4461.9,4441.96
09/11/2023,4487.46,4461.49
09/08/2023,4457.49,4447.1
09/07/2023,4451.14,4431.55
09/06/2023,4465.48,4443.44
09/05/2023,4496.83,4477.13
09/01/2023,4515.77,4490.81
08/31/2023,4507.66,4491.66
08/30/2023,4514.87,4501.82
08/29/2023,4497.63,4477.26
08/28/2023,4433.31,4414.39
08/25/2023,4405.71,4372.42
08/24/2023,4376.31,4351.31
08/23/2023,4436.01,4443.51
08/22/2023,4387.55,4366.47
08/21/2023,4399.77,4377.49
08/18/2023,4369.71,4355.92
08/17/2023,4370.36,4344.63
08/16/2023,4404.33,4385.42
08/15/2023,4437.86,4420.69
08/14/2023,4489.72,4472.95
08/11/2023,4464.05,4450.27
08/10/2023,4468.83,4450.61
08/09/2023,4467.71,4453.2
08/08/2023,4499.38,4475.44
08/07/2023,4518.44,4497.62
08/04/2023,4478.03,4461.88
08/03/2023,4501.89,4476.53
08/02/2023,4513.39,4486.78
08/01/2023,4576.73,4548.33
07/31/2023,4588.96,4569.67
07/28/2023,4582.23,4559.21
07/27/2023,4537.41,4518.62
07/26/2023,4566.75,4538.81
07/25/2023,4567.46,4511.63
07/24/2023,4554.64,4532.88
07/21/2023,4536.34,4516.43
07/20/2023,4534.87,4512.99
07/19/2023,4565.72,4538.81
07/18/2023,4554.98,4533.2
07/17/2023,4522.79,4501.18
07/14/2023,4505.42,4483.29
07/13/2023,4510.04,4488.15
07/12/2023,4472.16,4453.63
07/11/2023,4439.26,4415.62
07/10/2023,4409.53,4395.16
07/07/2023,4398.95,4381.24
07/06/2023,4411.59,4394.5
07/05/2023,4446.82,4423.31
07/03/2023,4455.59,4431.94
06/30/2023,4450.38,4420.98
06/29/2023,4396.44,4375.6
06/28/2023,4376.86,4363.66
06/27/2023,4378.41,4355.23
06/26/2023,4328.82,4312.5
06/23/2023,4348.33,4321.9
06/22/2023,4381.89,4367.12
06/21/2023,4365.69,4344.57
06/20/2023,4388.71,4369.52
06/16/2023,4409.59,4392.44
06/15/2023,4425.84,4404.55
06/14/2023,4372.59,4361.84
06/13/2023,4369.01,4354.29
06/12/2023,4338.93,4323.08
06/09/2023,4298.86,4282.98
06/08/2023,4293.93,4274.57
06/07/2023,4267.52,4247.33
06/06/2023,4283.85,4263.42
06/05/2023,4273.79,4257.39
06/02/2023,4282.37,4243.93
06/01/2023,4221.02,4208.06
05/31/2023,4179.83,4156.03
05/30/2023,4205.52,4188.25
05/26/2023,4205.45,4188.66
05/25/2023,4151.28,4137.09
05/24/2023,4115.24,4129.19
05/23/2023,4145.58,4133.95
05/22/2023,4192.63,4180.38
05/19/2023,4191.98,4173.27
05/18/2023,4198.05,4180.85
05/17/2023,4158.77,4139.02
05/16/2023,4109.9,4098.91
05/15/2023,4136.28,4115
05/12/2023,4124.08,4105.27
05/11/2023,4130.62,4121.45
05/10/2023,4137.64,4121.84
05/09/2023,4119.17,4102.83
05/08/2023,4138.12,4122.4
05/05/2023,4136.25,4118.06
05/04/2023,4061.22,4043.65
05/03/2023,4090.75,4051.45
05/02/2023,4119.58,4090.51
05/01/2023,4167.87,4142.69
04/28/2023,4169.48,4153.76
04/27/2023,4135.35,4118.04
04/26/2023,4055.99,4047.63
04/25/2023,4071.63,4078.29
04/24/2023,4137.04,4107.65
04/21/2023,4133.52,4109.96
04/20/2023,4129.79,4109.43
04/19/2023,4154.52,4131.76
04/18/2023,4154.87,4121.42
04/17/2023,4151.32,4126.18
04/14/2023,4137.64,4124.95
04/13/2023,4146.22,4111.19
04/12/2023,4091.95,4056.59
04/11/2023,4108.94,4077.53
04/10/2023,4109.11,4097.54
04/06/2023,4105.02,4089.15
04/05/2023,4090.38,4061.71
04/04/2023,4100.6,4067.15
04/03/2023,4124.51,4104.64
03/31/2023,4109.31,4081.15
03/30/2023,4050.83,4015.59
03/29/2023,4027.81,3997.36
03/28/2023,3971.27,3953.9
03/27/2023,3977.53,3945.4
03/24/2023,3970.99,3957.97
03/23/2023,3948.72,3919.38
03/22/2023,3936.97,3904.02
03/21/2023,4002.87,3966.89
03/20/2023,3951.57,3931.93
03/17/2023,3916.64,3870.3
03/16/2023,3960.28,3935.3
03/15/2023,3891.93,3864.24
03/14/2023,3919.29,3867.9
03/13/2023,3855.76,3809.14
03/10/2023,3861.59,3817.69
03/09/2023,3918.32,3870.89
03/08/2023,3992.01,3960.45
03/07/2023,3986.37,3953.9
03/06/2023,4048.42,4033.05
03/03/2023,4045.64,4005.98
03/02/2023,3981.35,3939.31
03/01/2023,3951.39,3910.67
02/28/2023,3970.15,3919.61
02/27/2023,3982.24,3956.72
02/24/2023,3970.04,3949.61
02/23/2023,4012.32,3972.47
02/22/2023,3991.05,3965.37
02/21/2023,3997.34,3961.89
02/17/2023,4079.09,4053.26
02/16/2023,4090.41,4056.09
02/15/2023,4147.6,4121.03
02/14/2023,4136.13,4083.34
02/13/2023,4137.29,4119.62
02/10/2023,4090.46,4064.33
02/09/2023,4081.5,4055.97
02/08/2023,4117.86,4085.71
02/07/2023,4164,4109.39
02/06/2023,4111.08,4074.45
02/03/2023,4136.48,4095.16
02/02/2023,4179.76,4089.33
02/01/2023,4119.21,4087.58
01/31/2023,4076.6,4021.13
01/30/2023,4017.77,3998.12
01/27/2023,4070.56,4047.47
01/26/2023,4060.43,4019.95
01/25/2023,4016.22,3981.43
01/24/2023,4016.95,3998.77
01/23/2023,4019.81,3994.38
01/20/2023,3972.61,3954.61
01/19/2023,3898.85,3874.98
01/18/2023,3928.86,3899.69
01/17/2023,3990.97,3963.22
01/13/2023,3999.09,3979.32
01/12/2023,3983.17,3964.4
01/11/2023,3969.61,3936.74
01/10/2023,3919.25,3897.7
01/09/2023,3892.09,3850.16
01/06/2023,3895.08,3870.05
01/05/2023,3808.1,3786.57
01/04/2023,3852.97,3827.39
01/03/2023,3824.14,3803.91
12/30/2022,3839.5,3819.93
12/29/2022,3849.28,3807.05
12/28/2022,3783.22,3748.74
12/27/2022,3829.25,3782.54
12/23/2022,3844.82,3819.34
12/22/2022,3822.39,3795
12/21/2022,3878.44,3834.83
12/20/2022,3821.62,3777.52
12/19/2022,3817.66,3771.55
12/16/2022,3852.36,3797.09
12/15/2022,3895.75,3839.58
12/14/2022,3995.32,3942.76
12/13/2022,4019.65,3996.55
12/12/2022,3990.56,3962.01
12/09/2022,3934.38,3914.97
12/08/2022,3963.51,3921.89
12/07/2022,3933.92,3908.82
12/06/2022,3941.26,3912.9
12/05/2022,3998.84,3977.76
12/02/2022,4071.7,4004.79
12/01/2022,4076.57,4046.88
11/30/2022,4080.11,4037.1
11/29/2022,3957.63,3928.35
11/28/2022,3963.94,3919.04
11/25/2022,4026.12,4012.28
11/23/2022,4027.26,4010.18
11/22/2022,4003.58,3976.87
11/21/2022,3949.94,3899.47
11/18/2022,3965.34,3936.94
11/17/2022,3946.56,3892.17
11/16/2022,3958.79,3937.81
11/15/2022,3991.73,3956.06
11/14/2022,3957.25,3907.96
11/11/2022,3992.93,3967.73
11/10/2022,3956.37,3900.75
11/09/2022,3748.57,3690.74
11/08/2022,3828.11,3761.68
11/07/2022,3806.8,3763.32
11/04/2022,3770.55,3734.23
11/03/2022,3719.89,3663.28
11/02/2022,3759.69,3710.21
11/01/2022,3856.1,3817.08
10/31/2022,3871.98,3826.12
10/28/2022,3901.06,3870.29
10/27/2022,3807.3,3710.77
10/26/2022,3830.6,3774.1
10/25/2022,3859.11,3780.45
10/24/2022,3797.34,3734.3
10/21/2022,3752.75,3701.13
10/20/2022,3665.78,3613.82
10/19/2022,3695.16,3641.81
10/18/2022,3719.98,3703.76
10/17/2022,3677.95,3666.35
10/14/2022,3583.07,3561.15
10/13/2022,3669.91,3617.47
10/12/2022,3577.03,3551.18
10/11/2022,3588.84,3555.17
10/10/2022,3612.39,3585.46
10/07/2022,3639.66,3605.19
10/06/2022,3744.52,3671.49
10/05/2022,3783.28,3737.54
10/04/2022,3790.93,3750.76
10/03/2022,3678.43,3628.97
09/30/2022,3585.62,3560.47
09/29/2022,3640.47,3586.8
09/28/2022,3719.04,3666.54
09/27/2022,3647.29,3623.72
09/26/2022,3655.04,3628.06
09/23/2022,3693.23,3677.66
09/22/2022,3757.99,3724.15
09/21/2022,3789.93,3756.46
09/20/2022,3855.93,3839.97
09/19/2022,3899.89,3883.68
09/16/2022,3873.33,3861.52
09/15/2022,3901.35,3849.21
09/14/2022,3946.01,3924.35
09/13/2022,3932.69,3899.56
09/12/2022,4110.41,4094.49
09/09/2022,4067.36,4023.61
09/08/2022,4006.18,3987.43
09/07/2022,3979.87,3963.69
09/06/2022,3908.19,3891.85
09/02/2022,3924.26,3907.82
09/01/2022,3966.85,3951.36
08/31/2022,3955,3934.32
08/30/2022,3986.16,3970.43
08/29/2022,4030.61,4015.95
08/26/2022,4057.66,4017.12
08/25/2022,4199.12,4174.09
08/24/2022,4140.77,4112.01
08/23/2022,4128.73,4104.06
08/22/2022,4137.99,4123.03
08/19/2022,4228.48,4210.2
08/18/2022,4283.74,4264.25
08/17/2022,4274.04,4247.71
08/16/2022,4305.2,4266.74
08/15/2022,4297.14,4249.85
08/12/2022,4280.15,4234.54
08/11/2022,4207.27,4188.91
08/10/2022,4210.24,4168.35
08/09/2022,4122.47,4103.05
08/08/2022,4140.06,4107.74
08/05/2022,4145.19,4100.62
08/04/2022,4151.94,4106.45
08/03/2022,4155.17,4104.4
08/02/2022,4091.19,4049
08/01/2022,4118.63,4076.3
07/29/2022,4130.29,4086.15
07/28/2022,4072.43,4049.48
07/27/2022,4023.61,3967.16
07/26/2022,3921.05,3893.88
07/25/2022,3966.84,3905.4
07/22/2022,3961.63,3928.74
07/21/2022,3998.95,3930.07
07/20/2022,3959.9,3901.33
07/19/2022,3936.69,3911.1
07/18/2022,3830.85,3798.38
07/15/2022,3863.16,3825.08
07/14/2022,3790.38,3773.94
07/13/2022,3801.78,3768.82
07/12/2022,3818.8,3784.3
07/11/2022,3854.43,3832.62
07/08/2022,3899.38,3885.27
07/07/2022,3902.62,3861.41
07/06/2022,3845.08,3814.08
07/05/2022,3831.39,3805.53
07/01/2022,3825.33,3804.69
06/30/2022,3785.38,3733.31
06/29/2022,3818.83,3782.05
06/28/2022,3821.55,3776.73
06/27/2022,3900.11,3874.99
06/24/2022,3911.74,3849.33
06/23/2022,3795.73,3756.59
06/22/2022,3759.89,3719.65
06/21/2022,3764.79,3736.07
06/17/2022,3674.84,3636.71
06/16/2022,3666.77,3620.28
06/15/2022,3789.99,3754.4
06/14/2022,3735.48,3686.13
06/13/2022,3749.63,3725.24
06/10/2022,3900.86,3878.48
06/09/2022,4017.82,3983.94
06/08/2022,4115.77,4087.69
06/07/2022,4160.68,4122.09
06/06/2022,4121.43,4097.32
06/03/2022,4108.54,4072.17
06/02/2022,4176.82,4147.83
06/01/2022,4101.23,4057.22
05/31/2022,4132.15,4094.66
05/27/2022,4158.24,4129.33
05/26/2022,4057.84,3997.89
05/25/2022,3978.73,3920.2
05/24/2022,3941.48,3901.49
05/23/2022,3973.75,3911.29
05/20/2022,3901.36,3852.43
05/19/2022,3900.79,3859.03
05/18/2022,3923.68,3867.56
05/17/2022,4088.85,4034.58
05/16/2022,4008.01,3971.57
05/13/2022,4023.89,3958.5
05/12/2022,3930.08,3844.28
05/11/2022,3935.18,3902.31
05/10/2022,4001.05,3943.91
05/09/2022,3991.24,3947.41
05/06/2022,4123.34,4046.25
05/05/2022,4146.87,4115.38
05/04/2022,4300.17,4240.53
05/03/2022,4175.48,4132.23
05/02/2022,4155.38,4102.33
04/29/2022,4131.93,4108.68
04/28/2022,4287.5,4187.39
04/27/2022,4183.96,4161.18
04/26/2022,4175.2,4089.17
04/25/2022,4296.12,4235.4
04/22/2022,4271.78,4210.98
04/21/2022,4393.66,4341.86
04/20/2022,4459.45,4439.38
04/19/2022,4462.21,4399.42
04/18/2022,4391.69,4368.92
04/14/2022,4392.59,4354.39
04/13/2022,4446.59,4407.66
04/12/2022,4397.45,4359.77
04/11/2022,4412.53,4357.52
04/08/2022,4488.28,4413.44
04/07/2022,4500.21,4438.95
04/06/2022,4481.15,4412.57
04/05/2022,4525.12,4474.14
04/04/2022,4582.64,4517.61
04/01/2022,4545.86,4490.56
03/31/2022,4530.41,4499.97
03/30/2022,4602.45,4561.42
03/29/2022,4631.6,4587.65
03/28/2022,4575.52,4538.28
03/25/2022,4543.06,4502.88
03/24/2022,4520.16,4476.34
03/23/2022,4456.24,4424.55
03/22/2022,4511.61,4462.53
03/21/2022,4461.18,4426.61
03/18/2022,4463.12,4435.41
03/17/2022,4411.67,4351.24
03/16/2022,4357.86,4327.45
03/15/2022,4262.45,4210.75
03/14/2022,4173.11,4135.15
03/11/2022,4204.31,4169.86
03/10/2022,4259.52,4198.92
03/09/2022,4277.88,4224.96
03/08/2022,4170.7,4110.85
03/07/2022,4201.09,4141.12
03/04/2022,4328.87,4259.3
03/03/2022,4363.49,4310.35
03/02/2022,4386.54,4319.25
03/01/2022,4306.26,4255.22
02/28/2022,4373.94,4299.02
02/25/2022,4384.65,4312.99
02/24/2022,4288.7,4185.66
02/23/2022,4225.5,4150.35
02/22/2022,4304.76,4253.15
02/18/2022,4348.87,4290.14
02/17/2022,4380.26,4314.03
02/16/2022,4475.01,4399.69
02/15/2022,4471.07,4392.42
02/14/2022,4401.67,4338.69
02/11/2022,4418.64,4362.32
02/10/2022,4504.08,4434.58
02/09/2022,4587.18,4523.65
02/08/2022,4521.54,4452.41
02/07/2022,4483.87,4432.45
02/04/2022,4500.53,4420.5
02/03/2022,4477.44,4477.22
02/02/2022,4589.38,4463.83
02/01/2022,4546.54,4489.51
01/31/2022,4515.55,4459.92
01/28/2022,4431.85,4340.43
01/27/2022,4326.51,4285.59
01/26/2022,4349.93,4279.04
01/25/2022,4356.45,4238.54
01/24/2022,4410.13,4308.32
01/21/2022,4397.94,4332.27
01/20/2022,4482.73,4394.7
01/19/2022,4532.76,4457.52
01/18/2022,4577.11,4517.1
01/14/2022,4662.85,4607.53
01/13/2022,4659.03,4602.85
01/12/2022,4726.35,4685.37
01/11/2022,4713.07,4669.24
01/10/2022,4670.29,4601.18
01/07/2022,4677.03,4619.75
01/06/2022,4696.05,4647.9
01/05/2022,4700.58,4635.25
01/04/2022,4793.54,4725.93
01/03/2022,4796.56,4745.23
12/31/2021,4766.18,4701.56
12/30/2021,4778.73,4714.52
12/29/2021,4793.06,4725.92
12/28/2021,4786.35,4731.15
12/27/2021,4791.19,4723.29
12/23/2021,4725.79,4665.95
12/22/2021,4696.56,4632.7
12/21/2021,4649.23,4582.06
12/20/2021,4568.02,4514.86
12/17/2021,4620.64,4566.17
12/16/2021,4668.67,4609.27
12/15/2021,4709.85,4649.27
12/14/2021,4634.09,4575.65
12/13/2021,4668.97,4612.03
12/10/2021,4712.02,4652.6
12/09/2021,4667.45,4611.42
12/08/2021,4701.21,4636.44
12/07/2021,4686.75,4637.52
12/06/2021,4591.67,4529.39
12/03/2021,4538.43,4470.09
12/02/2021,4577.1,4524.88
12/01/2021,4513.04,4460.95
11/30/2021,4567,4528.64
11/29/2021,4655.27,4602.71
11/26/2021,4594.62,4568.58
11/24/2021,4701.46,4643.23
11/23/2021,4690.7,4625.33
11/22/2021,4682.94,4630.89
11/19/2021,4697.96,4652.56
11/18/2021,4704.54,4658.94
11/17/2021,4688.67,4646.48
11/16/2021,4700.9,4657.8
11/15/2021,4682.8,4644.49
11/12/2021,4682.85,4638.62
11/11/2021,4649.27,4608.37
11/10/2021,4646.71,4589.45
11/09/2021,4685.25,4631.84
11/08/2021,4701.7,4650.28
11/05/2021,4697.53,4647.15
11/04/2021,4680.06,4634.73
11/03/2021,4660.57,4610.07
11/02/2021,4630.65,4575.83
11/01/2021,4613.67,4568.45
10/29/2021,4605.38,4561.03
10/28/2021,4596.42,4523.34
10/27/2021,4551.68,4505.5
10/26/2021,4574.79,4520.87
10/25/2021,4566.48,4525.68
10/22/2021,4544.9,4487.49
10/21/2021,4549.78,4481.29
10/20/2021,4536.19,4482.14
10/19/2021,4519.63,4473.36
10/18/2021,4486.46,4438.53
10/15/2021,4471.37,4423.96
10/14/2021,4438.26,4389.58
10/13/2021,4363.8,4317.39
10/12/2021,4350.65,4296.08
10/11/2021,4361.19,4311.88
10/08/2021,4391.34,4350.07
10/07/2021,4399.76,4353.97
10/06/2021,4363.55,4316.17
10/05/2021,4345.72,4286.55
10/04/2021,4300.46,4259.37
10/01/2021,4357.04,4304.07
09/30/2021,4307.54,4260.08
09/29/2021,4359.46,4331.2
09/28/2021,4352.63,4309.63
09/27/2021,4443.11,4394.11
09/24/2021,4455.48,4417.98
09/23/2021,4448.98,4422.52
09/22/2021,4395.64,4345.9
09/21/2021,4354.19,4304.11
09/20/2021,4357.73,4298.92
09/17/2021,4432.99,4386.08
09/16/2021,4473.75,4426.44
09/15/2021,4480.7,4431.95
09/14/2021,4443.05,4397.02
09/13/2021,4468.73,4415.88
09/10/2021,4458.58,4417.14
09/09/2021,4493.28,4447.98
09/08/2021,4514.07,4466.76
09/07/2021,4520.03,4474.43
09/03/2021,4535.43,4490.16
09/02/2021,4536.95,4497.99
09/01/2021,4524.09,4477.36
08/31/2021,4522.68,4478.29
08/30/2021,4528.79,4485.52
08/27/2021,4509.37,4464.54
08/26/2021,4470,4427.93
08/25/2021,4496.19,4450.2
08/24/2021,4486.23,4438.11
08/23/2021,4479.53,4435.71
08/20/2021,4441.67,4385.38
08/19/2021,4405.8,4354.09
08/18/2021,4400.27,4344.95
08/17/2021,4448.08,4393.13
08/16/2021,4479.71,4430.3
08/13/2021,4468,4424.14
08/12/2021,4460.83,4416.82
08/11/2021,4447.7,4395.46
08/10/2021,4436.75,4387.63
08/09/2021,4432.35,4386.56
08/06/2021,4436.52,4385.54
08/05/2021,4429.1,4378.65
08/04/2021,4402.66,4361.36
08/03/2021,4423.15,4367.69
08/02/2021,4387.16,4347.98
07/30/2021,4395.26,4352.26
07/29/2021,4419.15,4348.34
07/28/2021,4400.64,4353.35
07/27/2021,4401.46,4336.92
07/26/2021,4422.3,4372.95
07/23/2021,4411.79,4359.95
07/22/2021,4367.48,4330.48
07/21/2021,4358.69,4308.39
07/20/2021,4323.06,4271.46
07/19/2021,4258.49,4222.41
07/16/2021,4327.16,4286
07/15/2021,4360.03,4316.59
07/14/2021,4374.3,4335.23
07/13/2021,4369.21,4325.15
07/12/2021,4384.63,4338.34
07/09/2021,4369.55,4325.61
07/08/2021,4320.82,4277.19
07/07/2021,4358.13,4312.12
07/06/2021,4343.54,4294.27
07/02/2021,4352.34,4308.08
07/01/2021,4319.94,4277.68
06/30/2021,4297.5,4263.75
06/29/2021,4291.8,4253.23
06/28/2021,4290.61,4254.27
06/25/2021,4280.7,4243.66
06/24/2021,4266.49,4232.43
06/23/2021,4241.84,4205.5
06/22/2021,4246.44,4210.12
06/21/2021,4224.79,4185.04
06/18/2021,4166.45,4127.71
06/17/2021,4221.86,4182.76
06/16/2021,4223.7,4179.62
06/15/2021,4246.59,4207.44
06/14/2021,4255.15,4217.61
06/11/2021,4247.44,4210.26
06/10/2021,4239.18,4201.99
06/09/2021,4219.55,4180.6
06/08/2021,4227.26,4193.15
06/07/2021,4226.52,4191.52
06/04/2021,4229.89,4187.6
06/03/2021,4192.85,4151.78
06/02/2021,4208.12,4167.6
06/01/2021,4202.04,4158.92
05/28/2021,4204.11,4167.22
05/27/2021,4200.88,4186.19
05/26/2021,4195.99,4160.16
05/25/2021,4188.13,4151.71
05/24/2021,4197.05,4159.24
05/21/2021,4155.86,4109.84
05/20/2021,4159.12,4136.66
05/19/2021,4115.68,4066.46
05/18/2021,4127.83,4077.65
05/17/2021,4163.29,4125.33
05/14/2021,4173.85,4140.18
05/13/2021,4112.5,4068.58
05/12/2021,4063.04,4011.77
05/11/2021,4152.1,4088.17
05/10/2021,4188.43,4134.5
05/07/2021,4232.6,4200.26
05/06/2021,4201.62,4152.19
05/05/2021,4167.59,4126.3
05/04/2021,4164.66,4124.4
05/03/2021,4192.66,4154.82
04/30/2021,4181.17,4145.88
04/29/2021,4211.47,4167.63
04/28/2021,4183.18,4157.03
04/27/2021,4186.72,4146.83
04/26/2021,4187.62,4147.72
04/23/2021,4180.17,4150.86
04/22/2021,4134.98,4089.11
04/21/2021,4173.42,4123.86
04/20/2021,4134.94,4079.33
04/19/2021,4163.26,4123.99
04/16/2021,4185.47,4151.35
04/15/2021,4170.42,4124.54
04/14/2021,4124.66,4087.51
04/13/2021,4141.59,4101.75
04/12/2021,4127.99,4092.98
04/09/2021,4128.8,4090.86
04/08/2021,4097.17,4073.22
04/07/2021,4079.95,4052.96
04/06/2021,4073.94,4042.58
04/05/2021,4077.91,4046.1
04/01/2021,4019.87,3990.69
03/31/2021,3972.89,3941.8
03/30/2021,3958.55,3921.55
03/29/2021,3971.09,3930.79
03/26/2021,3974.54,3926.63
03/25/2021,3909.52,3868.43
03/24/2021,3889.14,3860.12
03/23/2021,3910.52,3875.26
03/22/2021,3940.59,3899.35
03/19/2021,3913.1,3876.06
03/18/2021,3915.46,3883.09
03/17/2021,3974.12,3931.92
03/16/2021,3962.71,3921.95
03/15/2021,3968.94,3915.48
03/12/2021,3943.34,3903.24
03/11/2021,3939.34,3897.22
03/10/2021,3898.81,3862.16
03/09/2021,3875.44,3839.52
03/08/2021,3821.35,3791.58
03/05/2021,3841.94,3786.99
03/04/2021,3768.47,3721.82
03/03/2021,3819.72,3784.3
03/02/2021,3870.29,3838.53
03/01/2021,3901.82,3879.15
02/26/2021,3811.15,3779.81
02/25/2021,3829.34,3775.69
02/24/2021,3925.43,3893.82
02/23/2021,3881.37,3839.31
02/22/2021,3876.5,3847.91
02/19/2021,3906.71,3877.57
02/18/2021,3913.97,3882.42
02/17/2021,3931.33,3896.78
02/16/2021,3932.59,3905.79
02/12/2021,3934.83,3897.11
02/11/2021,3916.38,3881.35
02/10/2021,3909.88,3877.11
02/09/2021,3911.23,3884.97
02/08/2021,3915.59,3889.88
02/05/2021,3886.83,3862.62
02/04/2021,3871.74,3844.2
02/03/2021,3830.17,3809.19
02/02/2021,3826.31,3805.93
02/01/2021,3773.86,3734.89
01/29/2021,3714.24,3682.26
01/28/2021,3787.38,3746.44
01/27/2021,3750.77,3705.74
01/26/2021,3849.62,3828.52
01/25/2021,3855.36,3814.06
01/22/2021,3841.47,3814.77
01/21/2021,3853.07,3822.87
01/20/2021,3851.85,3822.87
01/19/2021,3798.91,3776.67
01/15/2021,3768.25,3719.9
01/14/2021,3795.54,3762.98
01/13/2021,3809.84,3773.33
01/12/2021,3801.19,3768.29
01/11/2021,3799.61,3766.55
01/08/2021,3824.68,3794.93
01/07/2021,3803.79,3766.71
01/06/2021,3748.14,3716.08
01/05/2021,3726.86,3692.79
01/04/2021,3700.65,3662.91
12/31/2020,3756.07,3714.61
12/30/2020,3732.04,3688.89
12/29/2020,3727.04,3693.36
12/28/2020,3735.36,3696.58
12/24/2020,3703.06,3655.99
12/23/2020,3690.01,3659.4
12/22/2020,3687.26,3651.71
12/21/2020,3694.92,3658.89
12/18/2020,3709.41,3695.74
12/17/2020,3722.48,3687.54
12/16/2020,3701.17,3674.31
12/15/2020,3694.62,3660.63
12/14/2020,3647.49,3621.14
12/11/2020,3663.46,3622.3
12/10/2020,3668.1,3633.4
12/09/2020,3672.82,3638.24
12/08/2020,3702.25,3665.35
12/07/2020,3691.96,3657.34
12/04/2020,3699.12,3654.65
12/03/2020,3666.72,3632.57
12/02/2020,3669.01,3646.3
12/01/2020,3662.45,3616.27
11/30/2020,3621.63,3593.12
11/27/2020,3638.35,3593.43
11/25/2020,3629.65,3593.17
11/24/2020,3635.41,3600.42
11/23/2020,3577.59,3543.01
11/20/2020,3557.54,3523.97
11/19/2020,3581.87,3531.28
11/18/2020,3567.79,3532.49
11/17/2020,3609.53,3566.66
11/16/2020,3626.91,3592.5
11/13/2020,3585.15,3530.53
11/12/2020,3537.01,3507.24
11/11/2020,3572.66,3529.31
11/10/2020,3545.53,3497.94
11/09/2020,3550.5,3509.05
11/06/2020,3509.44,3473.44
11/05/2020,3510.45,3477.29
11/04/2020,3443.44,3408.57
11/03/2020,3369.16,3317.83
11/02/2020,3310.24,3275.93
10/30/2020,3269.96,3237.76
10/29/2020,3310.11,3243.47
10/28/2020,3271.03,3246.72
10/27/2020,3390.68,3342.98
10/26/2020,3400.97,3360.8
10/23/2020,3465.39,3438.1
10/22/2020,3453.49,3426.09
10/21/2020,3435.56,3400.91
10/20/2020,3443.12,3404.69
10/19/2020,3426.92,3404.72
10/16/2020,3483.81,3440.53
10/15/2020,3483.34,3438.95
10/14/2020,3488.67,3444.81
10/13/2020,3511.93,3468.76
10/12/2020,3534.22,3503.24
10/09/2020,3477.13,3448.42
10/08/2020,3446.83,3417.79
10/07/2020,3419.45,3378.34
10/06/2020,3360.95,3306.67
10/05/2020,3408.63,3362.26
10/02/2020,3348.44,3309.72
10/01/2020,3380.8,3341.53
09/30/2020,3363,3309.69
09/29/2020,3335.47,3296.35
09/28/2020,3351.6,3325.43
09/25/2020,3298.46,3253.27
09/24/2020,3246.59,3217.78
09/23/2020,3236.92,3207.2
09/22/2020,3315.57,3275.38
09/21/2020,3281.06,3249.65
09/18/2020,3319.47,3276.6
09/17/2020,3357.01,3313.28
09/16/2020,3385.49,3350.94
09/15/2020,3401.2,3367.59
09/14/2020,3383.54,3342.12
09/11/2020,3340.97,3290.74
09/10/2020,3339.19,3311.94
09/09/2020,3398.96,3358.27
09/08/2020,3331.84,3295.46
09/04/2020,3426.96,3373
09/03/2020,3455.06,3411.59
09/02/2020,3580.84,3538.08
09/01/2020,3526.65,3496.21
08/31/2020,3500.31,3469.72
08/28/2020,3508.01,3475.48
08/27/2020,3484.55,3444.33
08/26/2020,3478.73,3444.8
08/25/2020,3443.62,3421.08
08/24/2020,3431.28,3401
08/21/2020,3397.16,3369.04
08/20/2020,3385.51,3354.33
08/19/2020,3374.85,3340.8
08/18/2020,3389.78,3359.27
08/17/2020,3381.99,3349.79
08/14/2020,3372.85,3331.91
08/13/2020,3373.43,3343.57
08/12/2020,3380.35,3341.54
08/11/2020,3333.69,3308.01
08/10/2020,3360.47,3324.26
08/07/2020,3351.28,3320.28
08/06/2020,3349.16,3318.58
08/05/2020,3327.77,3286.63
08/04/2020,3306.51,3271.83
08/03/2020,3294.61,3257.96
07/31/2020,3271.12,3237.59
07/30/2020,3246.22,3237.82
07/29/2020,3258.44,3225.45
07/28/2020,3218.44,3184.86
07/27/2020,3239.41,3204.08
07/24/2020,3215.63,3177.74
07/23/2020,3235.66,3193.43
07/22/2020,3276.02,3223.09
07/21/2020,3257.3,3228.22
07/20/2020,3251.84,3214.26
07/17/2020,3224.73,3184.72
07/16/2020,3215.57,3159.91
07/15/2020,3226.56,3179.92
07/14/2020,3197.52,3159.22
07/13/2020,3155.22,3125.9
07/10/2020,3185.04,3154.6
07/09/2020,3152.05,3122.46
07/08/2020,3169.94,3145.94
07/07/2020,3145.32,3113.17
07/06/2020,3179.72,3133.6
07/02/2020,3130.01,3096.32
07/01/2020,3115.86,3073.88
06/30/2020,3100.29,3041.25
06/29/2020,3053.24,3015.27
06/26/2020,3009.05,2977.94
06/25/2020,3083.76,3040.59
06/24/2020,3050.33,3032.75
06/23/2020,3131.29,3093.18
06/22/2020,3117.86,3090.88
06/19/2020,3097.74,3053.25
06/18/2020,3115.34,3074.94
06/17/2020,3113.49,3085.84
06/16/2020,3124.74,3074.3
06/15/2020,3066.59,3036.68
06/12/2020,3041.31,2996.68
06/11/2020,3002.1,2989.04
06/10/2020,3190.14,3156.42
06/09/2020,3207.18,3177.29
06/08/2020,3232.39,3201.5
06/05/2020,3193.93,3155.92
06/04/2020,3112.35,3085.14
06/03/2020,3122.87,3085.21
06/02/2020,3080.82,3050.53
06/01/2020,3055.73,3024.21
05/29/2020,3044.31,3016.13
05/28/2020,3029.73,3004.24
05/27/2020,3036.13,2991.94
05/26/2020,2991.77,2965.55
05/22/2020,2955.45,2925.43
05/21/2020,2948.51,2913.71
05/20/2020,2971.61,2938.37
05/19/2020,2922.94,2894.44
05/18/2020,2953.91,2912.59
05/15/2020,2863.7,2822.29
05/14/2020,2852.5,2821.97
05/13/2020,2820,2797.54
05/12/2020,2870.12,2828.1
05/11/2020,2930.32,2901.94
05/08/2020,2929.8,2895.68
05/07/2020,2881.19,2852.13
05/06/2020,2848.42,2811.93
05/05/2020,2868.44,2827.38
05/04/2020,2842.74,2799.41
05/01/2020,2830.71,2794.41
04/30/2020,2912.43,2851.17
04/29/2020,2939.51,2939.38
04/28/2020,2863.39,2834.39
04/27/2020,2878.48,2843.62
04/24/2020,2836.74,2796.4
04/23/2020,2797.8,2754.28
04/22/2020,2799.31,2756.29
04/21/2020,2736.56,2705.66
04/20/2020,2823.16,2787.99
04/17/2020,2874.56,2822.59
04/16/2020,2799.55,2749.44
04/15/2020,2783.36,2741.44
04/14/2020,2846.06,2795.18
04/13/2020,2761.63,2724.56
04/09/2020,2789.82,2736.76
04/08/2020,2749.98,2694.35
04/07/2020,2659.41,2604.32
04/06/2020,2663.68,2601.24
04/03/2020,2488.65,2437.9
04/02/2020,2526.9,2471.25
04/01/2020,2470.5,2426.7
03/31/2020,2584.59,2535.83
03/30/2020,2626.65,2563.92
03/27/2020,2541.47,2489.36
03/26/2020,2630.07,2570.77
03/25/2020,2475.56,2417.42
03/24/2020,2447.33,2375.14
03/23/2020,2237.4,2183.44
03/20/2020,2304.92,2243.68
03/19/2020,2409.39,2319.45
03/18/2020,2398.1,2308.72
03/17/2020,2529.19,2432
03/16/2020,2386.13,2350.58
03/13/2020,2711.02,2606.34
03/12/2020,2480.64,2388.67
03/11/2020,2741.38,2692.91
03/10/2020,2882.23,2785.5
03/09/2020,2746.56,2686.54
03/06/2020,2972.37,2916.88
03/05/2020,3023.94,2976.57
03/04/2020,3130.12,3051.42
03/03/2020,3003.37,2948.14
03/02/2020,3090.23,3008.26
02/28/2020,2954.22,2943.24
02/27/2020,2978.76,2922.21
02/26/2020,3116.39,3062.44
02/25/2020,3128.21,3098.01
02/24/2020,3225.89,3195.22
02/21/2020,3337.75,3290.86
02/20/2020,3373.23,3329.52
02/19/2020,3386.15,3343.98
02/18/2020,3370.29,3333.83
02/14/2020,3380.16,3344.52
02/13/2020,3373.94,3332.51
02/12/2020,3379.45,3340.05
02/11/2020,3357.75,3329.92
02/10/2020,3352.09,3309.21
02/07/2020,3327.71,3291.72
02/06/2020,3345.78,3298.32
02/05/2020,3334.69,3283.21
02/04/2020,3297.59,3251
02/03/2020,3248.92,3199.72
01/31/2020,3225.52,3189.86
01/30/2020,3283.66,3256.97
01/29/2020,3273.4,3229.45
01/28/2020,3276.24,3233.9
01/27/2020,3243.63,3206.57
01/24/2020,3295.47,3255.15
01/23/2020,3325.54,3283.48
01/22/2020,3321.75,3282
01/21/2020,3320.79,3279.88
01/17/2020,3329.62,3288.94
01/16/2020,3316.81,3275.71
01/15/2020,3289.29,3254.98
01/14/2020,3283.15,3247.95
01/13/2020,3288.13,3253.07
01/10/2020,3265.35,3231.17
01/09/2020,3274.7,3241.16
01/08/2020,3253.05,3218.63
01/07/2020,3237.18,3194.12
01/06/2020,3246.28,3207.28
01/03/2020,3234.85,3196.94
01/02/2020,3257.85,3215.2
12/31/2019,3230.78,3197.87
12/30/2019,3221.29,3184.66
12/27/2019,3240.02,3203.96
12/26/2019,3239.91,3199.72
12/24/2019,3223.38,3188.23
12/23/2019,3224.01,3189.81
12/20/2019,3221.22,3190.23
12/19/2019,3205.37,3169.8
12/18/2019,3191.14,3150.28
12/17/2019,3192.52,3151.81
12/16/2019,3191.45,3155.31
12/13/2019,3168.8,3133.75
12/12/2019,3168.57,3116.16
12/11/2019,3141.63,3099.32
12/10/2019,3132.52,3100.61
12/09/2019,3135.96,3088.38
12/06/2019,3145.91,3113.42
12/05/2019,3117.43,3077.59
12/04/2019,3112.76,3076.42
12/03/2019,3093.2,3054.6
12/02/2019,3113.87,3077.53
11/29/2019,3140.98,3112.13
11/27/2019,3153.63,3118.62
11/26/2019,3140.52,3101.74
11/25/2019,3133.64,3095.61
11/22/2019,3110.29,3070.09
11/21/2019,3103.54,3064.75
11/20/2019,3108.46,3075.22
11/19/2019,3120.18,3075.51
11/18/2019,3122.03,3080.79
11/15/2019,3120.46,3082.43
11/14/2019,3096.63,3048.54
11/13/2019,3094.04,3049.97
11/12/2019,3091.84,3044.09
11/11/2019,3087.01,3050.78
11/08/2019,3093.08,3056.16
11/07/2019,3085.18,3044.39
11/06/2019,3076.78,3032.98
11/05/2019,3074.62,3032.24
11/04/2019,3078.27,3039.23
11/01/2019,3066.91,3029.89
10/31/2019,3037.56,2986.63
10/30/2019,3046.77,2999.48
10/29/2019,3036.89,2992.02
10/28/2019,3039.42,2993.28
10/25/2019,3022.55,2985.62
10/24/2019,3010.29,2960.59
10/23/2019,3004.52,2957.87
10/22/2019,2995.99,2942.85
10/21/2019,3006.72,2966.23
10/18/2019,2986.2,2944.25
10/17/2019,2997.95,2965.06
10/16/2019,2989.69,2943.77
10/15/2019,2995.68,2955.82
10/14/2019,2966.15,2929.7
10/11/2019,2970.27,2921.2
10/10/2019,2938.13,2900.32
10/09/2019,2919.4,2880.66
10/08/2019,2893.06,2851.69
10/07/2019,2938.79,2893.79
10/04/2019,2952.01,2896.25
10/03/2019,2910.63,2854.92
10/02/2019,2887.61,2832.04
10/01/2019,2940.25,2905.99
09/30/2019,2976.74,2950.08
09/27/2019,2961.79,2932.53
09/26/2019,2977.62,2936.24
09/25/2019,2984.87,2948.69
09/24/2019,2966.6,2927.32
09/23/2019,2991.78,2974.6
09/20/2019,2992.07,2942.61
09/19/2019,3006.79,2963.36
09/18/2019,3006.73,2964.08
09/17/2019,3005.7,2962.96
09/16/2019,2997.96,2955.99
09/13/2019,3007.39,2957.45
09/12/2019,3009.57,2961.67
09/11/2019,3000.93,2953.12
09/10/2019,2979.39,2931.14
09/09/2019,2978.43,2937.41
09/06/2019,2978.71,2944.25
09/05/2019,2976,2917.72
09/04/2019,2937.78,2898.42
09/03/2019,2906.27,2866.15
08/30/2019,2926.46,2883.28
08/29/2019,2924.58,2880.3
08/28/2019,2887.94,2830.7
08/27/2019,2869.16,2818.91
08/26/2019,2878.38,2841.45
08/23/2019,2847.11,2802.01
08/22/2019,2922.95,2880.91
08/21/2019,2924.43,2889.66
08/20/2019,2900.51,2857.24
08/19/2019,2923.65,2879.3
08/16/2019,2888.68,2857.9
08/15/2019,2847.6,2808.61
08/14/2019,2840.6,2804.48
08/13/2019,2926.32,2883.25
08/12/2019,2883.75,2866.85
08/09/2019,2918.65,2882.63
08/08/2019,2938.09,2887.4
08/07/2019,2883.98,2837.39
08/06/2019,2881.77,2836.55
08/05/2019,2844.74,2791.7
08/02/2019,2932.05,2892.14
08/01/2019,2953.56,2911.49
07/31/2019,2980.38,2941.62
07/30/2019,3013.18,2983.37
07/29/2019,3020.97,2994.28
07/26/2019,3025.86,2992.83
07/25/2019,3003.67,2971.59
07/24/2019,3019.56,2978.41
07/23/2019,3005.47,2963.31
07/22/2019,2985.03,2960.65
07/19/2019,2976.61,2940.45
07/18/2019,2995.11,2962.06
07/17/2019,2984.42,2940.23
07/16/2019,3004.04,2968.39
07/15/2019,3014.3,2985.21
07/12/2019,3013.77,2983.77
07/11/2019,2999.91,2971.85
07/10/2019,2993.07,2966.45
07/09/2019,2979.63,2948.85
07/08/2019,2975.95,2947.38
07/05/2019,2990.41,2959.1
07/03/2019,2995.82,2949.14
07/02/2019,2973.01,2945.02
07/01/2019,2964.33,2933.25
06/28/2019,2941.76,2911.55
06/27/2019,2924.92,2884.56
06/26/2019,2913.78,2881.27
06/25/2019,2917.38,2893.75
06/24/2019,2945.35,2919.32
06/21/2019,2950.46,2905.61
06/20/2019,2954.18,2924.22
06/19/2019,2926.46,2899.87
06/18/2019,2917.75,2889.62
06/17/2019,2889.67,2862.83
06/14/2019,2886.98,2857.04
06/13/2019,2891.64,2862.78
06/12/2019,2879.84,2851.69
06/11/2019,2885.72,2849.38
06/10/2019,2886.73,2856.96
06/07/2019,2873.34,2842.81
06/06/2019,2843.49,2784.67
06/05/2019,2826.15,2789.11
06/04/2019,2803.27,2771.56
06/03/2019,2744.45,2718.83
05/31/2019,2752.06,2724.58
05/30/2019,2788.86,2760.13
05/29/2019,2783.02,2756.63
05/28/2019,2802.39,2778.11
05/24/2019,2826.06,2805.42
05/23/2019,2822.24,2790.69
05/22/2019,2856.27,2829.05
05/21/2019,2864.36,2833.48
05/20/2019,2840.23,2821.21
05/17/2019,2859.53,2826.61
05/16/2019,2876.32,2841.05
05/15/2019,2850.96,2822.14
05/14/2019,2834.41,2806.05
05/13/2019,2811.87,2774.13
05/10/2019,2881.4,2856.41
05/09/2019,2870.72,2825.76
05/08/2019,2879.42,2853.98
05/07/2019,2884.05,2860.22
05/06/2019,2932.47,2882.57
05/03/2019,2945.64,2917.96
05/02/2019,2917.52,2882.22
05/01/2019,2923.73,2880.72
04/30/2019,2945.83,2916.76
04/29/2019,2943.03,2902.45
04/26/2019,2939.88,2910.34
04/25/2019,2926.17,2890.24
04/24/2019,2927.25,2900.41
04/23/2019,2933.68,2904.86
04/22/2019,2907.97,2882.87
04/18/2019,2905.03,2884.43
04/17/2019,2900.45,2869.14
04/16/2019,2907.06,2881.73
04/15/2019,2905.58,2884.48
04/12/2019,2907.41,2880.46
04/11/2019,2888.32,2856.31
04/10/2019,2888.21,2858.85
04/09/2019,2878.2,2848.02
04/08/2019,2895.77,2868.54
04/05/2019,2892.74,2862.34
04/04/2019,2879.39,2849.73
04/03/2019,2873.4,2848.13
04/02/2019,2867.24,2835.02
04/01/2019,2867.19,2833.93
03/29/2019,2834.4,2805.34
03/28/2019,2815.44,2786.55
03/27/2019,2805.37,2772.37
03/26/2019,2818.46,2776.29
03/25/2019,2798.36,2772.65
03/22/2019,2800.71,2776.15
03/21/2019,2854.88,2820.53
03/20/2019,2824.23,2792.33
03/19/2019,2832.57,2792.1
03/18/2019,2832.94,2793.41
03/15/2019,2822.48,2789.65
03/14/2019,2808.48,2762.6
03/13/2019,2810.92,2776.31
03/12/2019,2791.52,2748.06
03/11/2019,2783.3,2747.82
03/08/2019,2743.07,2711.88
03/07/2019,2748.93,2715.43
03/06/2019,2771.45,2742.46
03/05/2019,2789.65,2755.2
03/04/2019,2792.81,2744.75
03/01/2019,2803.69,2765.79
02/28/2019,2784.49,2755.89
02/27/2019,2792.38,2758.55
02/26/2019,2793.9,2758.95
02/25/2019,2796.11,2763.69
02/22/2019,2792.67,2757.1
02/21/2019,2774.88,2738.03
02/20/2019,2784.7,2748.32
02/19/2019,2779.76,2746.09
02/15/2019,2775.6,2735.34
02/14/2019,2745.73,2711.31
02/13/2019,2753.03,2718.77
02/12/2019,2744.73,2713.41
02/11/2019,2709.8,2671.3
02/08/2019,2707.88,2671.06
02/07/2019,2706.05,2671.59
02/06/2019,2731.61,2699.88
02/05/2019,2737.7,2695.91
02/04/2019,2724.87,2689.62
02/01/2019,2706.53,2669.3
01/31/2019,2704.1,2674.15
01/30/2019,2681.05,2650.48
01/29/2019,2640,2617.81
01/28/2019,2643.85,2602.59
01/25/2019,2664.76,2630.13
01/24/2019,2642.33,2598.41
01/23/2019,2638.7,2603.31
01/22/2019,2632.9,2595.57
01/18/2019,2670.71,2633.02
01/17/2019,2635.96,2596.33
01/16/2019,2616.1,2579.83
01/15/2019,2610.3,2572.16
01/14/2019,2582.61,2549.18
01/11/2019,2596.26,2557.48
01/10/2019,2596.64,2557.98
01/09/2019,2584.96,2537.19
01/08/2019,2574.41,2531.15
01/07/2019,2549.69,2509.77
01/04/2019,2531.94,2487.8
01/03/2019,2447.89,2418.09
01/02/2019,2510.03,2442.55
12/31/2018,2506.85,2470.94
12/28/2018,2485.74,2442.85
12/27/2018,2488.83,2424.49
12/26/2018,2467.7,2422.83
12/24/2018,2351.1,2299.7
12/21/2018,2416.62,2387.15
12/20/2018,2467.42,2444.87
12/19/2018,2506.96,2470.75
12/18/2018,2546.16,2501.27
12/17/2018,2545.94,2519.44
12/14/2018,2599.95,2568.5
12/13/2018,2650.54,2613.38
12/12/2018,2651.07,2617.49
12/11/2018,2636.78,2591.47
12/10/2018,2637.72,2606.2
12/07/2018,2633.08,2605.52
12/06/2018,2695.95,2659.4
12/04/2018,2700.06,2673.87
12/03/2018,2790.37,2750.98
11/30/2018,2760.17,2724.19
11/29/2018,2737.76,2710.06
11/28/2018,2743.79,2701.27
11/27/2018,2682.17,2652.78
11/26/2018,2673.45,2618.7
11/23/2018,2632.56,2583.47
11/21/2018,2649.93,2617.13
11/20/2018,2641.89,2603.28
11/19/2018,2690.73,2650.05
11/16/2018,2736.27,2698.72
11/15/2018,2730.2,2686.09
11/14/2018,2701.58,2661.12
11/13/2018,2722.18,2693.5
11/12/2018,2726.22,2695.56
11/09/2018,2781.01,2738.57
11/08/2018,2806.83,2761.76
11/07/2018,2813.89,2768.18
11/06/2018,2755.45,2721.64
11/05/2018,2738.31,2698.09
11/02/2018,2723.06,2689.36
11/01/2018,2740.37,2680.72
10/31/2018,2711.74,2671.11
10/30/2018,2682.63,2640.9
10/29/2018,2641.25,2607.59
10/26/2018,2658.69,2632.91
10/25/2018,2705.57,2650.92
10/24/2018,2656.1,2641.79
10/23/2018,2740.69,2707.71
10/22/2018,2755.88,2726.15
10/19/2018,2767.78,2734.89
10/18/2018,2768.78,2738.96
10/17/2018,2809.21,2782.07
10/16/2018,2809.92,2778.64
10/15/2018,2750.79,2714.18
10/12/2018,2767.13,2739.44
10/11/2018,2728.37,2717.06
10/10/2018,2785.68,2745.53
10/09/2018,2880.34,2848.02
10/08/2018,2884.43,2857.77
10/05/2018,2885.57,2858.06
10/04/2018,2901.61,2872.57
10/03/2018,2925.51,2899.2
10/02/2018,2923.43,2894.66
10/01/2018,2924.59,2895.6
09/28/2018,2913.98,2885.46
09/27/2018,2914,2887.89
09/26/2018,2905.97,2878.51
09/25/2018,2915.56,2886.23
09/24/2018,2919.37,2893.35
09/21/2018,2929.67,2895.81
09/20/2018,2930.75,2899.29
09/19/2018,2907.95,2877.81
09/18/2018,2904.31,2869.64
09/17/2018,2888.8,2857.74
09/14/2018,2904.98,2872.14
09/13/2018,2904.18,2862.91
09/12/2018,2888.92,2859.83
09/11/2018,2887.89,2854.62
09/10/2018,2877.13,2851.26
09/07/2018,2871.68,2834.6
09/06/2018,2878.05,2842.94
09/05/2018,2888.6,2850.99
09/04/2018,2896.72,2865.13
08/31/2018,2901.52,2873.82
08/30/2018,2901.13,2873.26
08/29/2018,2914.04,2886.89
08/28/2018,2897.52,2871.74
08/27/2018,2896.74,2866.89
08/24/2018,2874.69,2843.6
08/23/2018,2856.98,2822.65
08/22/2018,2861.82,2833.34
08/21/2018,2862.96,2824.41
08/20/2018,2857.05,2824.49
08/17/2018,2850.13,2819.02
08/16/2018,2840.69,2806.32
08/15/2018,2818.37,2792.44
08/14/2018,2839.96,2810.63
08/13/2018,2821.93,2799.86
08/10/2018,2833.28,2807.46
08/09/2018,2853.58,2825.99
08/08/2018,2857.7,2824.28
08/07/2018,2858.45,2832.74
08/06/2018,2850.4,2820.77
08/03/2018,2840.35,2806.38
08/02/2018,2827.22,2795.47
08/01/2018,2813.36,2780.53
07/31/2018,2816.29,2788.93
07/30/2018,2802.6,2773.18
07/27/2018,2818.82,2773.88
07/26/2018,2837.44,2802.19
07/25/2018,2846.07,2799.56
07/24/2018,2820.4,2784.13
07/23/2018,2806.98,2779.35
07/20/2018,2801.83,2771.69
07/19/2018,2804.49,2772.4
07/18/2018,2815.62,2780.88
07/17/2018,2809.55,2775.38
07/16/2018,2798.43,2751.16
07/13/2018,2801.31,2760.43
07/12/2018,2798.29,2760.3
07/11/2018,2774.02,2739.5
07/10/2018,2793.84,2755.08
07/09/2018,2784.17,2754.4
07/06/2018,2759.82,2722.73
07/05/2018,2736.61,2702.96
07/03/2018,2713.22,2661.97
07/02/2018,2726.71,2691.8
06/29/2018,2718.37,2693.5
06/28/2018,2716.31,2690.3
06/27/2018,2699.63,2674.07
06/26/2018,2723.06,2692.68
06/25/2018,2717.07,2686.95
06/22/2018,2754.88,2726.16
06/21/2018,2749.76,2716.72
06/20/2018,2767.32,2739.78
06/19/2018,2762.59,2728.33
06/18/2018,2773.75,2743.09
06/15/2018,2779.66,2746.11
06/14/2018,2782.49,2746.75
06/13/2018,2775.63,2748.72
06/12/2018,2786.85,2755.84
06/11/2018,2782,2750.08
06/08/2018,2779.03,2746.02
06/07/2018,2770.37,2738.99
06/06/2018,2772.35,2740.22
06/05/2018,2748.8,2722.83
06/04/2018,2746.87,2717.31
06/01/2018,2734.62,2703.11
05/31/2018,2705.27,2678.65
05/30/2018,2724.01,2688.71
05/29/2018,2689.86,2667.28
05/25/2018,2721.33,2689.38
05/24/2018,2727.76,2694.61
05/23/2018,2733.29,2699.15
05/22/2018,2724.44,2698.49
05/21/2018,2733.01,2702.61
05/18/2018,2712.97,2687.1
05/17/2018,2720.13,2687.42
05/16/2018,2722.46,2686.92
05/15/2018,2711.45,2676.68
05/14/2018,2730.13,2694.05
05/11/2018,2727.72,2687.42
05/10/2018,2723.07,2681.7
05/09/2018,2697.79,2662
05/08/2018,2671.92,2637.16
05/07/2018,2672.63,2635.51
05/04/2018,2663.42,2623.36
05/03/2018,2629.73,2600.85
05/02/2018,2635.67,2602.47
05/01/2018,2654.8,2622.82
04/30/2018,2648.05,2618.99
04/27/2018,2669.91,2634.95
04/26/2018,2666.94,2648
04/25/2018,2639.4,2616.08
04/24/2018,2634.56,2601.55
04/23/2018,2670.29,2633.25
04/20/2018,2670.14,2635.52
04/19/2018,2693.13,2657.55
04/18/2018,2708.64,2674.24
04/17/2018,2706.39,2666.6
04/16/2018,2677.84,2649.09
04/13/2018,2656.3,2621.22
04/12/2018,2663.99,2630.54
04/11/2018,2642.19,2609.14
04/10/2018,2656.87,2616.53
04/09/2018,2613.16,2584.09
04/06/2018,2604.47,2573.86
04/05/2018,2662.84,2623.27
04/04/2018,2644.69,2607.25
04/03/2018,2614.45,2574.31
04/02/2018,2581.88,2548.33
03/29/2018,2640.87,2599.49
03/28/2018,2605,2572.5
03/27/2018,2612.62,2576.87
03/26/2018,2658.55,2618.52
03/23/2018,2588.26,2564.8
03/22/2018,2643.69,2610.56
03/21/2018,2711.93,2682.28
03/20/2018,2716.94,2685.7
03/19/2018,2712.92,2686.32
03/16/2018,2752.01,2717.54
03/15/2018,2747.33,2716.12
03/14/2018,2749.48,2716.93
03/13/2018,2765.31,2729.75
03/12/2018,2783.02,2747.87
03/09/2018,2786.57,2737.55
03/08/2018,2738.97,2697.93
03/07/2018,2726.8,2685.52
03/06/2018,2728.12,2686.3
03/05/2018,2720.94,2672.27
03/02/2018,2691.25,2651.35
03/01/2018,2677.67,2649.66
02/28/2018,2713.83,2687.16
02/27/2018,2744.28,2713.21
02/26/2018,2779.6,2745.49
02/23/2018,2747.3,2705.9
02/22/2018,2703.96,2680.94
02/21/2018,2701.33,2665.19
02/20/2018,2716.26,2682.19
02/16/2018,2732.22,2692.33
02/15/2018,2731.2,2693.26
02/14/2018,2698.63,2661.25
02/13/2018,2662.94,2622.48
02/12/2018,2656,2613.36
02/09/2018,2619.55,2573.92
02/08/2018,2581,2567.15
02/07/2018,2681.66,2636.97
02/06/2018,2695.14,2647.88
02/05/2018,2648.94,2600.14
02/02/2018,2762.13,2727.85
02/01/2018,2821.98,2781.61
01/31/2018,2823.81,2781.99
01/30/2018,2822.43,2788.88
01/29/2018,2853.53,2816.69
01/26/2018,2872.87,2832.19
01/25/2018,2839.25,2801.1
01/24/2018,2837.54,2810.05
01/23/2018,2839.13,2801.12
01/22/2018,2832.97,2802.56
01/19/2018,2810.3,2774.97
01/18/2018,2798.03,2758.22
01/17/2018,2802.56,2764.81
01/16/2018,2776.42,2746.71
01/12/2018,2786.24,2753.32
01/11/2018,2767.56,2731.74
01/10/2018,2748.23,2717.23
01/09/2018,2751.29,2717.82
01/08/2018,2747.71,2714.4
01/05/2018,2743.15,2710.65
01/04/2018,2723.99,2691.84
01/03/2018,2713.06,2677
01/02/2018,2695.81,2664.52
12/29/2017,2673.61,2640.48
12/28/2017,2687.54,2652.25
12/27/2017,2682.62,2648.34
12/26/2017,2680.5,2646.27
12/22/2017,2683.34,2648.75
12/21/2017,2684.57,2650.24
12/20/2017,2679.25,2642.48
12/19/2017,2681.47,2641.24
12/18/2017,2690.16,2650.47
12/15/2017,2675.81,2644.1
12/14/2017,2652.01,2612.99
12/13/2017,2662.85,2625.42
12/12/2017,2664.11,2628.74
12/11/2017,2659.99,2622.16
12/08/2017,2651.5,2608.24
12/07/2017,2636.98,2594.95
12/06/2017,2629.27,2589.54
12/05/2017,2629.57,2586.4
12/04/2017,2639.44,2593.89
12/01/2017,2642.22,2598.18
11/30/2017,2647.58,2596.22
11/29/2017,2626.07,2583.18
11/28/2017,2627.04,2584.31
11/27/2017,2601.42,2568.09
11/24/2017,2602.42,2560.66
11/22/2017,2597.08,2562.15
11/21/2017,2599.03,2557.91
11/20/2017,2582.14,2546.79
11/17/2017,2578.85,2543.55
11/16/2017,2585.64,2547.88
11/15/2017,2564.62,2526.28
11/14/2017,2578.87,2541.97
11/13/2017,2584.84,2545.58
11/10/2017,2582.3,2545.91
11/09/2017,2584.62,2547.41
11/08/2017,2594.38,2558.35
11/07/2017,2590.64,2553.8
11/06/2017,2591.13,2556.59
11/03/2017,2587.84,2556.24
11/02/2017,2579.85,2546.86
11/01/2017,2579.36,2542.9
10/31/2017,2575.26,2541.32
10/30/2017,2572.83,2539.54
10/27/2017,2581.07,2547.38
10/26/2017,2560.4,2534.31
10/25/2017,2557.15,2523.87
10/24/2017,2569.13,2532.47
10/23/2017,2564.98,2530.75
10/20/2017,2575.21,2534.33
10/19/2017,2562.1,2524.55
10/18/2017,2561.26,2530.67
10/17/2017,2559.36,2528.09
10/16/2017,2557.64,2524.31
10/13/2017,2553.17,2519.02
10/12/2017,2550.93,2515.04
10/11/2017,2555.24,2521.06
10/10/2017,2550.64,2514.18
10/09/2017,2544.73,2511.3
10/06/2017,2549.33,2512.69
10/05/2017,2552.07,2514.16
10/04/2017,2537.74,2502.65
10/03/2017,2534.58,2504.94
10/02/2017,2529.12,2486.04
09/29/2017,2519.36,2484.57
09/28/2017,2510.06,2477.2
09/27/2017,2507.04,2470.21
09/26/2017,2496.84,2468.11
09/25/2017,2496.66,2457.88
09/22/2017,2502.22,2467
09/21/2017,2500.6,2467.27
09/20/2017,2508.24,2467.08
09/19/2017,2506.65,2469.17
09/18/2017,2503.87,2469.36
09/15/2017,2500.23,2465.89
09/14/2017,2495.62,2463.01
09/13/2017,2498.37,2464.96
09/12/2017,2496.48,2455.84
09/11/2017,2488.11,2451.25
09/08/2017,2461.43,2426.43
09/07/2017,2465.1,2434.75
09/06/2017,2465.54,2433.27
09/05/2017,2457.85,2434.14
09/01/2017,2476.55,2442.73
08/31/2017,2471.65,2438.54
08/30/2017,2457.59,2423.46
08/29/2017,2446.3,2415.99
08/28/2017,2444.24,2413.36
08/25/2017,2443.05,2410.92
08/24/2017,2438.97,2410.95
08/23/2017,2444.04,2409.82
08/22/2017,2452.51,2417.46
08/21/2017,2428.37,2396.41
08/18/2017,2425.55,2396.66
08/17/2017,2430.01,2405.07
08/16/2017,2468.11,2429.85
08/15/2017,2464.61,2427.48
08/14/2017,2465.84,2427.69
08/11/2017,2441.32,2405.24
08/10/2017,2438.21,2401.11
08/09/2017,2474.02,2441.17
08/08/2017,2474.92,2442.84
08/07/2017,2480.91,2449.97
08/04/2017,2476.83,2444.24
08/03/2017,2472.16,2438.86
08/02/2017,2477.57,2446.13
08/01/2017,2476.35,2444.92
07/31/2017,2470.3,2436.6
07/28/2017,2472.1,2433.73
07/27/2017,2475.42,2438.44
07/26/2017,2477.83,2441.92
07/25/2017,2477.13,2441.19
07/24/2017,2469.91,2432.67
07/21/2017,2472.54,2436.44
07/20/2017,2473.45,2440.35
07/19/2017,2473.83,2439.64
07/18/2017,2460.61,2427.5
07/17/2017,2459.14,2426.62
07/14/2017,2459.27,2420.18
07/13/2017,2447.83,2410.58
07/12/2017,2443.25,2401.98
07/11/2017,2425.53,2389.8
07/10/2017,2427.43,2391.51
07/07/2017,2425.18,2389.76
07/06/2017,2409.75,2376.97
07/05/2017,2432.54,2391.81
07/03/2017,2429.01,2383.69
06/30/2017,2423.41,2387.25
06/29/2017,2419.7,2383.64
06/28/2017,2440.69,2407.58
06/27/2017,2419.38,2387.12
06/26/2017,2439.07,2402.59
06/23/2017,2438.3,2399.51
06/22/2017,2434.5,2396.8
06/21/2017,2435.61,2403.75
06/20/2017,2437.03,2407.01
06/19/2017,2453.46,2414.51
06/16/2017,2433.15,2399.48
06/15/2017,2432.46,2389.47
06/14/2017,2437.92,2400.95
06/13/2017,2440.35,2404.18
06/12/2017,2429.39,2392.19
06/09/2017,2431.77,2397.29
06/08/2017,2433.79,2398.7
06/07/2017,2433.14,2400.34
06/06/2017,2429.33,2400.68
06/05/2017,2436.1,2402.29
06/02/2017,2439.07,2403.51
06/01/2017,2430.06,2393.33
05/31/2017,2411.8,2379.57
05/30/2017,2412.91,2382.22
05/26/2017,2415.82,2383.06
05/25/2017,2415.07,2378.47
05/24/2017,2404.39,2372.78
05/23/2017,2398.42,2368.95
05/22/2017,2394.02,2359.88
05/19/2017,2381.73,2347.89
05/18/2017,2365.72,2334.58
05/17/2017,2357.03,2327.1
05/16/2017,2400.67,2367.79
05/15/2017,2402.32,2364.93
05/12/2017,2390.9,2361.22
05/11/2017,2394.44,2360.32
05/10/2017,2399.63,2362.33
05/09/2017,2396.92,2363.33
05/08/2017,2399.38,2367.76
05/05/2017,2399.29,2365.21
05/04/2017,2389.52,2354.99
05/03/2017,2388.13,2355.59
05/02/2017,2391.17,2355.33
05/01/2017,2388.33,2362.74
04/28/2017,2384.2,2355.54
04/27/2017,2388.77,2360.93
04/26/2017,2387.45,2358.88
04/25/2017,2388.61,2357.23
04/24/2017,2374.15,2343.59
04/21/2017,2348.69,2320.67
04/20/2017,2355.84,2326.22
04/19/2017,2338.17,2307.8
04/18/2017,2342.19,2312.83
04/17/2017,2349.01,2320.44
04/13/2017,2328.95,2301.87
04/12/2017,2344.93,2316.39
04/11/2017,2353.78,2323.49
04/10/2017,2357.16,2327.71
04/07/2017,2355.54,2328.19
04/06/2017,2357.49,2327.58
04/05/2017,2352.95,2323.16
04/04/2017,2360.16,2329.94
04/03/2017,2358.84,2330.65
03/31/2017,2362.72,2333.65
03/30/2017,2368.06,2334.12
03/29/2017,2361.13,2330.13
03/28/2017,2358.57,2324.6
03/27/2017,2341.59,2310.51
03/24/2017,2343.98,2314.18
03/23/2017,2345.96,2312.91
03/22/2017,2348.45,2312.77
03/21/2017,2344.02,2315.47
03/20/2017,2373.47,2342.16
03/17/2017,2378.25,2354.49
03/16/2017,2381.38,2352.92
03/15/2017,2385.26,2350.23
03/14/2017,2365.45,2336.31
03/13/2017,2373.47,2344.51
03/10/2017,2372.6,2342.32
03/09/2017,2364.87,2332.52
03/08/2017,2362.98,2333.61
03/07/2017,2368.39,2337.73
03/06/2017,2375.31,2346.89
03/03/2017,2383.12,2348.89
03/02/2017,2381.92,2347.49
03/01/2017,2395.96,2360.89
02/28/2017,2363.64,2328.84
02/27/2017,2369.75,2334.31
02/24/2017,2367.34,2334.86
02/23/2017,2363.81,2329.56
02/22/2017,2362.82,2330.9
02/21/2017,2365.38,2332.7
02/17/2017,2351.16,2320.24
02/16/2017,2347.22,2317.52
02/15/2017,2349.25,2320.28
02/14/2017,2337.58,2308.14
02/13/2017,2328.25,2298.95
02/10/2017,2316.1,2286.79
02/09/2017,2307.87,2279.5
02/08/2017,2294.67,2267.17
02/07/2017,2293.08,2265.83
02/06/2017,2292.56,2264.54
02/03/2017,2297.42,2269.34
02/02/2017,2280.85,2248.67
02/01/2017,2279.55,2253.84
01/31/2017,2278.87,2250.63
01/30/2017,2280.9,2253.35
01/27/2017,2294.69,2265.77
01/26/2017,2296.68,2268.88
01/25/2017,2298.37,2269.08
01/24/2017,2280.07,2252.41
01/23/2017,2265.2,2238.33
01/20/2017,2271.31,2243.28
01/19/2017,2263.69,2235.99
01/18/2017,2271.89,2242.64
01/17/2017,2267.89,2238.43
01/13/2017,2274.64,2244.3
01/12/2017,2270.44,2239.34
01/11/2017,2275.32,2246.61
01/10/2017,2268.9,2242.28
01/09/2017,2268.9,2244.07
01/06/2017,2276.98,2249.8
01/05/2017,2269,2243.65
01/04/2017,2270.75,2236.73
01/03/2017,2257.83,2229.06
12/30/2016,2238.83,2212.88
12/29/2016,2249.26,2219.56
12/28/2016,2249.92,2218.95
12/27/2016,2268.88,2235.35
12/23/2016,2263.79,2229.58
12/22/2016,2260.96,2231.21
12/21/2016,2265.18,2236.1
12/20/2016,2270.76,2237.91
12/19/2016,2262.53,2231.78
12/16/2016,2258.07,2233.77
12/15/2016,2262.03,2228.86
12/14/2016,2253.28,2227.19
12/13/2016,2271.72,2236.53
12/12/2016,2256.96,2220.72
12/09/2016,2259.53,2225.64
12/08/2016,2246.19,2212.16
12/07/2016,2241.35,2202.12
12/06/2016,2212.23,2179.75
12/05/2016,2204.71,2174.62
12/02/2016,2191.95,2185.97
12/01/2016,2191.08,2186.19
11/30/2016,2198.81,2192.52
11/29/2016,2204.66,2198.32
11/28/2016,2201.72,2194.65
11/25/2016,2213.35,2181.77
11/23/2016,2204.72,2195.68
11/22/2016,2202.94,2190.17
11/21/2016,2198.18,2187.96
11/18/2016,2181.9,2172.49
11/17/2016,2187.12,2178.04
11/16/2016,2176.94,2165.18
11/15/2016,2180.39,2172.41
11/14/2016,2164.2,2157.07
11/11/2016,2164.45,2156.9
11/10/2016,2167.48,2160.11
11/09/2016,2163.26,2146.58
11/08/2016,2139.56,2131.49
11/07/2016,2131.52,2123.86
11/04/2016,2085.18,2078.77
11/03/2016,2088.66,2082.73
11/02/2016,2097.94,2091.93
11/01/2016,2111.72,2103.86
10/31/2016,2126.15,2119.65
10/28/2016,2126.41,2119.83
10/27/2016,2133.04,2126.36
10/26/2016,2139.43,2132.03
10/25/2016,2143.16,2134.84
10/24/2016,2151.33,2146.07
10/21/2016,2141.16,2136.65
10/20/2016,2141.34,2140.04
10/19/2016,2144.29,2138.2
10/18/2016,2139.6,2131.86
10/17/2016,2126.5,2122.69
10/14/2016,2132.98,2127.01
10/13/2016,2132.55,2128.09
10/12/2016,2139.18,2134.17
10/11/2016,2136.73,2130.69
10/10/2016,2163.66,2154.35
10/07/2016,2153.74,2147.66
10/06/2016,2160.77,2153.91
10/05/2016,2159.73,2154.24
10/04/2016,2150.49,2144.4
10/03/2016,2161.2,2155.66
09/30/2016,2168.27,2161.21
09/29/2016,2151.13,2145.05
09/28/2016,2171.37,2162.31
09/27/2016,2159.93,2153.09
09/26/2016,2146.1,2139.96
09/23/2016,2164.69,2159.74
09/22/2016,2177.18,2170.45
09/21/2016,2163.12,2157.37
09/20/2016,2139.76,2136.68
09/19/2016,2139.12,2131.61
09/16/2016,2139.16,2135.81
09/15/2016,2147.26,2142
09/14/2016,2125.77,2121.43
09/13/2016,2127.02,2122.48
09/12/2016,2159.04,2147.73
09/09/2016,2127.81,2124.5
09/08/2016,2181.3,2176.04
09/07/2016,2186.16,2181.07
09/06/2016,2186.48,2180.3
09/02/2016,2179.98,2173.24
09/01/2016,2170.86,2164.67
08/31/2016,2170.95,2164.96
08/30/2016,2176.12,2171.33
08/29/2016,2180.38,2174.85
08/26/2016,2169.04,2164.61
08/25/2016,2172.47,2168.25
08/24/2016,2175.44,2170.95
08/23/2016,2186.9,2182.09
08/22/2016,2182.64,2176.16
08/19/2016,2183.87,2176.61
08/18/2016,2187.02,2182.35
08/17/2016,2182.22,2177.92
08/16/2016,2178.15,2172.4
08/15/2016,2190.15,2183.11
08/12/2016,2184.05,2179.85
08/11/2016,2185.79,2180.21
08/10/2016,2175.49,2170.17
08/09/2016,2181.74,2176.32
08/08/2016,2180.89,2175.45
08/05/2016,2182.87,2176.85
08/04/2016,2164.25,2159.86
08/03/2016,2163.79,2157.67
08/02/2016,2157.03,2151.68
08/01/2016,2170.84,2164.88
07/29/2016,2173.6,2164.34
07/28/2016,2170.06,2164.53
07/27/2016,2166.58,2161.33
07/26/2016,2169.18,2164.25
07/25/2016,2168.48,2161.2
07/22/2016,2175.03,2169.36
07/21/2016,2165.17,2156.07
07/20/2016,2173.02,2168.93
07/19/2016,2163.78,2160.71
07/18/2016,2166.89,2160.56
07/15/2016,2161.74,2154.65
07/14/2016,2163.75,2158.79
07/13/2016,2152.43,2147.93
07/12/2016,2152.14,2145.8
07/11/2016,2137.16,2131.83
07/08/2016,2129.9,2123.55
07/07/2016,2097.9,2091.25
07/06/2016,2099.73,2087.3
07/05/2016,2088.55,2079.52
07/01/2016,2102.95,2094.62
06/30/2016,2098.86,2092.9
06/29/2016,2070.77,2061.92
06/28/2016,2036.09,2029.66
06/27/2016,2000.54,1994.5
06/24/2016,2037.41,2032.79
06/23/2016,2113.32,2102.64
06/22/2016,2085.45,2081.18
06/21/2016,2088.9,2083.03
06/20/2016,2083.25,2078.75
06/17/2016,2071.22,2066.2
06/16/2016,2077.99,2071.89
06/15/2016,2071.5,2066.94
06/14/2016,2075.32,2069.31
06/13/2016,2079.06,2072.86
06/10/2016,2096.07,2091.25
06/09/2016,2115.48,2110.2
06/08/2016,2119.12,2112.4
06/07/2016,2112.13,2105.8
06/06/2016,2109.41,2103.3
06/03/2016,2099.13,2093.47
06/02/2016,2105.26,2097.22
06/01/2016,2099.33,2092.09
05/31/2016,2096.96,2088.1
05/27/2016,2099.06,2092.62
05/26/2016,2090.1,2081.23
05/25/2016,2090.54,2083.57
05/24/2016,2076.06,2069.65
05/23/2016,2048.04,2042.81
05/20/2016,2052.32,2042.68
05/19/2016,2040.04,2035.48
05/18/2016,2047.63,2041.11
05/17/2016,2047.21,2042.16
05/16/2016,2066.66,2058.64
05/13/2016,2046.61,2042.57
05/12/2016,2064.11,2056.08
05/11/2016,2064.46,2060.05
05/10/2016,2084.39,2077.73
05/09/2016,2058.69,2043.12
05/06/2016,2057.14,2050.18
05/05/2016,2050.63,2046.3
05/04/2016,2051.12,2047.04
05/03/2016,2063.37,2058.39
05/02/2016,2081.43,2075.78
04/29/2016,2065.3,2060.25
04/28/2016,2075.81,2073.17
04/27/2016,2095.15,2090.59
04/26/2016,2091.7,2078.44
04/25/2016,2087.79,2083.22
04/22/2016,2091.58,2086.36
04/21/2016,2091.48,2081.26
04/20/2016,2102.4,2097.18
04/19/2016,2100.8,2093.33
04/18/2016,2094.34,2084.86
04/15/2016,2080.73,2074.05
04/14/2016,2082.78,2079.1
04/13/2016,2082.42,2076.13
04/12/2016,2061.72,2051.96
04/11/2016,2041.99,2037.96
04/08/2016,2047.6,2040.55
04/07/2016,2041.91,2038.81
04/06/2016,2066.66,2060.12
04/05/2016,2045.17,2039.12
04/04/2016,2066.13,2061.53
04/01/2016,2072.78,2064.09
03/31/2016,2059.74,2054.5
03/30/2016,2063.95,2060.1
03/29/2016,2055.01,2047.12
03/28/2016,2037.05,2031.35
03/24/2016,2035.94,2031.14
03/23/2016,2036.71,2032.65
03/22/2016,2049.8,2041.84
03/21/2016,2051.6,2045.82
03/18/2016,2049.58,2044.54
03/17/2016,2040.59,2031.16
03/16/2016,2027.22,2019.98
03/15/2016,2015.93,2009.38
03/14/2016,2019.64,2011.61
03/11/2016,2022.19,2014.02
03/10/2016,1989.57,1984.28
03/09/2016,1989.26,1984.42
03/08/2016,1979.26,1975.29
03/07/2016,2001.76,1996.32
03/04/2016,1999.99,1994.08
03/03/2016,1993.4,1989.68
03/02/2016,1986.45,1978.1
03/01/2016,1978.35,1967.53
02/29/2016,1932.23,1928.04
02/26/2016,1948.05,1941.94
02/25/2016,1951.7,1944.87
02/24/2016,1929.8,1921.08
02/23/2016,1921.27,1914.89
02/22/2016,1945.5,1938.6
02/19/2016,1917.78,1912.23
02/18/2016,1917.83,1913.74
02/17/2016,1926.82,1920.23
02/16/2016,1895.58,1888.74
02/12/2016,1864.78,1859.38
02/11/2016,1829.08,1822.63
02/10/2016,1851.86,1846.41
02/09/2016,1852.21,1844.72
02/08/2016,1853.44,1847.82
02/05/2016,1880.05,1875.62
02/04/2016,1915.45,1908.65
02/03/2016,1912.53,1906.8
02/02/2016,1903.03,1896.74
02/01/2016,1939.38,1935.53
01/29/2016,1940.24,1934.65
01/28/2016,1893.36,1884.3
01/27/2016,1882.95,1881.52
01/26/2016,1903.63,1895.76
01/25/2016,1877.08,1871.42
01/22/2016,1906.9,1900.61
01/21/2016,1868.99,1860.24
01/20/2016,1859.33,1854.28
01/19/2016,1881.33,1876.31
01/15/2016,1880.33,1878.49
01/14/2016,1921.84,1911.51
01/13/2016,1890.28,1886.62
01/12/2016,1938.68,1930
01/11/2016,1923.67,1915.46
01/08/2016,1922.03,1918.4
01/07/2016,1943.09,1935.74
01/06/2016,1990.26,1983.13
01/05/2016,2016.71,2013.02
01/04/2016,2012.66,2008.35
12/31/2015,2043.94,2040.03
